"Gemeenten";"Verplaatsingen met auto als bestuurder";"Verplaatsingen met auto als passagier";"Verplaatsingen met trein";"Verplaatsingen met bus/tram/metro";"Verplaatsingen met fiets";"Verplaatsingen met bromfiets/snorfiets";"Verplaatsingen door te lopen";"Verplaatsingen overig";"Gemiddelde afstand tot ziekenhuis (incl. buitenpolikliniek)";"Gemiddelde afstand tot huisartsenpraktijk";"Gemiddelde afstand tot school basisonderwijs";"Gemiddelde afstand tot school voortgezet onderwijs totaal";"Gemiddelde afstand tot kinderdagverblijf";"Kinderdagverblijven binnen 1 km";"Gemiddelde afstand tot buitenschoolse opvang";"Gemiddelde afstand tot treinstations totaal";"Gemiddelde afstand tot sportterrein";"Gemiddelde afstand tot oprit hoofdverkeersweg";"Buitenschoolse opvang binnen 1 km";"Gemiddelde afstand tot brandweerkazerne"
"Aa en Hunze";38,9;18,2;0,6;1,9;25,7;0,8;12,5;1,5;10,7;2,5;1,2;5,1;1,1;1,2;1,2;12,8;1,1;1,6;1,2;2,7
"Aalsmeer";40,9;17,2;0,3;2,6;21,6;2,4;13,1;1,8;5,2;0,9;0,7;2,5;0,7;1,1;0,7;8,3;0,8;1,1;1,3;2,9
"Aalten";31,1;16,6;0,9;0,3;37,6;0,2;11,1;2,2;8,3;1,3;0,8;1,8;1,2;1,0;1,0;4,4;1,0;1,0;1,1;1,7
"Achtkarspelen";34,7;15,7;1,2;0,5;32,6;0,8;13,1;1,5;15,7;1,6;0,7;3,4;0,8;1,1;2,1;7,2;0,7;1,3;0,5;2,2
"Alblasserdam";32,5;12,5;0,1;1,7;30,1;0,4;21,6;1,1;7,7;0,8;0,5;4,8;0,5;3,3;0,4;8,7;0,7;2,3;3,3;1,6
"Albrandswaard";35,8;19,2;0,5;3,3;21,4;0,7;16,2;2,9;3,4;0,8;0,8;3,8;0,7;1,5;0,9;8,9;0,6;1,6;1,3;2,7
"Alkmaar";30,1;11,8;3,0;1,2;32,8;1,9;17,3;2,0;3,9;0,9;0,6;2,0;0,5;3,0;0,7;3,0;0,7;1,1;2,2;1,9
"Almelo";33,6;16,7;2,3;0,8;28,6;1,0;15,7;1,2;3,7;1,0;0,7;1,5;0,7;1,8;0,8;2,4;0,7;2,5;1,3;2,7
"Almere";32,4;16,2;4,2;6,4;17,9;0,9;20,8;1,2;4,1;0,8;0,6;1,5;0,5;4,4;0,5;2,0;0,8;1,5;4,5;2,9
"Alphen aan den Rijn";32,3;13,9;1,9;0,9;30,0;1,1;18,1;1,7;4,3;0,8;0,7;1,9;0,7;2,3;0,7;3,4;0,7;1,7;2,0;2,1
"Alphen-Chaam";36,1;18,8;1,3;0,4;21,9;0,4;19,6;1,6;12,0;1,6;1,0;7,0;1,0;1,3;1,0;12,8;1,0;1,1;0,9;1,7
"Altena";39,2;18,0;0,2;0,8;23,3;0,3;16,7;1,5;"";0,9;"";"";1,0;0,9;1,0;"";0,8;2,1;0,9;""
"Ameland";22,3;4,6;0,0;2,7;50,2;0,0;14,6;5,7;46,5;1,0;0,8;4,6;6,3;0,3;6,3;39,6;1,1;19,1;0,3;1,6
"Amersfoort";30,3;14,2;4,2;1,3;31,3;1,8;15,7;1,3;3,6;0,8;0,6;1,0;0,5;4,3;0,5;2,6;0,7;1,6;3,7;2,4
"Amstelveen";33,0;14,8;1,6;7,2;25,8;1,1;15,5;1,1;2,8;0,8;0,7;1,6;0,6;3,0;0,6;5,9;0,7;1,4;2,4;3,2
"Amsterdam";17,8;8,9;5,6;10,6;29,0;1,6;24,8;1,6;2,3;0,5;0,5;1,0;0,4;7,9;0,4;2,5;0,5;2,1;5,0;1,8
"Apeldoorn";36,0;14,1;1,4;1,4;28,9;1,3;15,3;1,5;5,7;0,9;0,7;1,8;0,8;2,2;0,8;3,2;0,7;2,2;2,2;2,2
"Appingedam";34,7;17,1;1,4;0,5;27,7;0,5;17,4;0,8;3,9;1,4;0,9;1,3;1,4;0,3;1,0;1,5;0,8;1,0;0,6;1,3
"Arnhem";31,8;14,4;4,5;4,1;20,1;1,5;22,0;1,6;2,7;0,9;0,6;1,7;0,5;3,4;0,6;2,3;0,6;1,8;2,4;2,4
"Assen";33,5;15,9;1,7;1,0;31,0;0,7;14,8;1,3;2,9;1,2;0,7;1,8;0,6;2,5;0,6;3,2;0,8;2,5;2,8;2,6
"Asten";38,2;14,3;0,4;0,7;30,7;0,2;13,9;1,5;1,6;1,3;0,8;2,5;1,1;0,9;0,8;8,3;0,7;1,9;1,5;1,6
"Baarle-Nassau";43,0;20,8;0,8;3,4;16,7;0,7;13,4;1,1;18,7;2,3;1,7;2,5;1,6;0,6;1,7;19,3;1,4;1,7;0,6;2,4
"Baarn";36,1;16,3;4,0;0,2;28,1;2,5;11,5;1,1;1,9;0,9;0,7;2,0;0,6;2,8;0,7;1,6;0,7;1,3;2,9;1,5
"Barendrecht";39,4;17,5;2,0;2,7;21,2;0,9;15,2;1,0;2,8;1,2;0,8;2,0;0,6;2,3;0,6;4,4;0,6;2,3;1,9;2,1
"Barneveld";34,4;18,1;1,3;0,3;32,3;0,3;12,0;1,3;4,0;1,3;0,9;3,3;1,3;0,8;1,0;3,4;1,1;1,5;1,3;2,4
"Beek";43,7;16,1;1,3;0,6;14,3;1,4;21,7;0,9;6,0;0,9;0,7;2,9;1,1;0,5;0,7;1,9;0,7;1,7;0,9;1,8
"Beekdaelen";46,4;18,9;0,3;1,0;12,0;1,4;18,4;1,7;"";0,9;"";"";1,5;0,6;1,0;"";0,7;1,3;0,6;""
"Beemster";39,0;18,4;0,5;1,2;28,1;0,6;10,7;1,6;6,8;1,4;1,2;5,7;1,2;0,8;1,3;6,4;1,1;1,5;0,5;1,5
"Beesel";34,8;12,0;4,0;0,9;30,7;1,2;15,2;1,1;1,5;1,0;0,8;1,6;0,7;1,1;0,7;1,4;0,8;2,6;2,0;1,7
"Berg en Dal";32,4;16,6;1,1;1,9;26,6;0,8;18,8;1,8;10,3;1,0;0,8;4,1;0,8;1,1;0,8;7,7;0,8;1,1;1,2;2,1
"Bergeijk";38,0;19,3;0,5;1,1;25,6;1,8;12,0;1,7;13,2;1,2;0,8;7,0;1,3;0,7;1,0;18,9;0,7;2,8;1,3;2,2
"Bergen (L.)";41,4;17,5;0,6;1,8;20,3;0,0;16,1;2,4;13,4;2,2;1,0;10,6;1,0;1,1;1,0;8,1;1,3;1,7;0,7;4,4
"Bergen (NH.)";27,5;15,8;1,1;0,4;35,0;1,6;17,0;1,5;8,0;1,0;0,8;3,7;0,8;1,2;0,8;6,5;0,8;1,5;1,0;1,5
"Bergen op Zoom";34,3;16,5;1,6;1,0;23,9;1,3;19,9;1,4;3,7;0,9;0,6;1,6;0,6;2,8;0,7;2,8;0,7;2,0;1,4;2,4
"Berkelland";37,8;13,2;0,5;1,2;29,8;0,0;15,2;2,3;6,0;1,5;0,8;2,6;1,1;1,3;1,0;9,1;0,9;1,1;1,5;2,2
"Bernheze";35,0;17,3;0,6;0,5;29,2;0,5;15,5;1,3;6,2;1,3;0,8;2,2;0,9;1,5;1,0;8,1;0,7;2,3;1,1;1,7
"Best";37,7;16,5;2,0;0,3;26,0;0,8;14,7;2,0;9,4;0,9;0,7;1,7;0,6;2,6;0,6;1,6;0,8;1,6;3,1;1,7
"Beuningen";39,8;15,8;0,6;1,5;24,0;1,5;15,9;0,9;7,8;0,7;0,8;5,6;0,7;2,6;1,0;6,7;0,6;2,6;1,3;2,5
"Beverwijk";33,0;17,2;2,6;0,8;28,0;0,8;16,1;1,6;2,2;0,6;0,6;1,6;0,9;1,2;0,6;1,8;0,3;1,6;1,9;1,3
"Bladel";37,6;12,6;0,2;0,7;28,1;0,6;18,4;1,8;15,4;0,9;0,7;2,4;1,2;1,2;0,7;20,7;0,8;1,5;1,5;1,7
"Blaricum";40,4;16,9;0,0;1,2;22,3;0,9;16,8;1,6;4,6;0,9;0,7;1,9;0,6;1,7;0,7;7,9;0,5;1,4;1,4;1,2
"Bloemendaal";31,1;17,1;2,5;1,1;31,2;1,3;14,3;1,4;4,3;0,9;0,6;1,9;0,6;2,1;0,6;1,8;0,6;1,2;2,9;2,3
"Bodegraven-Reeuwijk";33,5;15,0;1,9;0,2;29,9;1,8;15,9;1,6;3,2;1,1;0,8;5,8;0,9;1,3;1,0;3,2;0,6;1,3;1,5;2,0
"Boekel";36,7;17,4;0,0;1,5;30,5;0,0;12,2;1,7;6,9;1,7;1,0;6,2;0,9;1,8;1,0;18,2;0,8;1,3;1,3;2,1
"Borger-Odoorn";45,1;15,7;0,1;1,5;21,6;0,5;13,3;2,3;11,6;1,8;1,3;5,7;3,1;0,3;3,1;15,8;1,1;2,0;0,3;4,2
"Borne";33,0;14,6;1,5;0,1;31,6;0,9;17,3;1,0;6,0;1,2;0,6;1,9;0,7;1,0;0,6;1,8;0,8;1,0;1,3;2,1
"Borsele";40,5;14,7;0,3;0,7;25,5;0,7;15,8;1,8;9,8;1,1;0,9;9,2;0,9;1,1;1,1;8,9;0,9;1,7;0,6;1,8
"Boxmeer";38,9;13,0;2,3;0,9;28,6;0,4;14,3;1,6;5,1;1,1;0,7;3,2;0,8;1,3;0,8;2,8;0,8;2,3;1,1;2,2
"Boxtel";38,6;11,1;2,2;0,5;29,0;0,9;16,7;1,1;2,3;1,0;0,7;1,6;0,6;2,3;0,6;2,3;0,6;1,7;2,1;1,5
"Breda";34,9;16,5;2,5;1,7;23,1;0,8;19,1;1,4;3,3;0,7;0,7;1,3;0,5;3,2;0,6;3,0;0,6;2,6;2,7;2,5
"Brielle";34,1;14,7;0,2;2,2;28,0;1,3;16,7;2,7;2,1;1,4;0,9;1,5;1,6;0,3;0,9;23,0;0,7;0,9;0,7;1,5
"Bronckhorst";43,0;15,5;0,7;0,7;27,5;0,5;10,2;2,1;7,8;1,8;1,1;5,7;1,2;1,3;1,3;6,2;1,2;1,1;0,9;2,5
"Brummen";36,6;17,3;1,1;1,1;29,4;0,3;12,8;1,4;7,2;1,0;0,7;7,7;0,8;1,7;0,8;4,5;0,8;1,2;1,7;1,5
"Brunssum";38,6;18,8;0,2;1,2;9,1;1,9;28,1;2,1;2,1;0,8;0,6;1,4;1,2;0,5;0,8;6,2;0,6;1,0;0,9;2,1
"Bunnik";31,7;14,4;3,0;0,9;32,3;0,9;15,6;1,2;4,8;0,8;0,7;4,3;0,6;2,5;0,7;2,6;0,6;0,8;2,2;1,7
"Bunschoten";29,7;16,4;1,1;0,5;31,2;2,8;16,0;2,2;1,3;0,8;0,5;1,4;0,9;1,5;2,2;9,2;0,8;1,9;0,1;1,4
"Buren";45,4;16,2;1,3;0,4;20,0;2,2;12,4;2,2;8,4;1,8;1,0;6,4;1,2;0,7;1,3;7,1;1,1;1,2;0,6;2,1
"Capelle aan den IJssel";37,3;15,0;1,8;5,9;17,8;1,3;19,7;1,1;3,3;0,8;0,6;1,7;0,5;2,5;0,5;3,5;0,7;2,1;2,6;2,3
"Castricum";26,3;13,6;3,3;0,3;38,5;0,6;16,3;1,0;3,9;0,7;0,6;2,3;0,7;1,5;0,6;2,5;0,6;1,5;2,0;1,3
"Coevorden";39,1;17,3;0,8;0,3;26,3;0,3;14,2;1,7;6,6;1,8;1,0;4,4;1,2;1,1;1,7;5,2;1,1;1,3;0,5;3,1
"Cranendonck";44,1;16,4;1,0;1,4;21,2;0,8;13,7;1,5;3,4;1,3;0,8;2,4;1,2;0,7;1,3;6,1;1,0;4,0;0,5;1,7
"Cuijk";37,5;13,7;3,1;0,1;25,1;0,9;18,2;1,3;10,8;1,3;0,6;1,9;1,2;0,7;0,8;2,3;0,8;1,9;1,3;1,7
"Culemborg";29,9;12,2;3,6;0,2;31,4;0,5;19,6;2,4;1,7;0,8;0,5;1,4;0,5;3,8;0,5;1,7;0,4;1,7;4,2;1,5
"Dalfsen";41,9;13,9;0,8;0,6;30,0;1,0;10,7;1,1;11,8;2,1;1,0;6,5;1,5;0,5;1,1;6,7;1,2;1,2;1,0;2,1
"Dantumadiel";35,8;17,4;1,0;0,5;31,5;0,8;12,1;0,8;20,7;1,2;0,8;3,8;0,9;1,0;1,3;4,6;0,9;1,3;0,7;2,6
"De Bilt";32,5;11,6;3,1;1,1;33,7;0,6;16,2;1,2;4,8;1,0;0,7;1,8;0,9;1,6;0,7;2,5;0,7;1,6;2,1;1,3
"De Fryske Marren";33,0;15,7;0,5;1,3;30,8;0,4;16,1;2,2;8,5;1,8;0,9;3,8;1,0;1,4;2,1;14,0;"";1,8;0,6;2,4
"De Ronde Venen";39,7;15,8;0,7;1,4;24,7;0,5;15,2;2,0;3,3;1,1;0,8;2,7;1,1;1,5;0,9;8,8;0,8;1,6;1,8;1,5
"De Wolden";42,1;15,7;1,1;0,1;26,8;0,5;12,0;1,8;8,1;1,9;1,1;8,4;1,5;1,3;1,5;9,6;1,1;2,4;1,3;2,5
"Delft";23,9;10,3;5,4;2,9;37,2;0,7;18,6;1,0;2,4;0,5;0,5;1,2;0,4;5,9;0,5;1,6;0,5;1,3;4,1;1,8
"Delfzijl";38,3;16,1;1,5;0,5;22,8;0,2;18,0;2,5;4,2;1,4;0,8;3,9;1,0;1,1;2,0;3,9;0,8;1,3;0,8;2,2
"Den Haag";24,9;11,5;4,1;8,9;22,8;1,2;24,9;1,7;2,0;0,5;0,5;1,0;0,4;5,8;0,5;3,0;0,4;3,0;4,7;1,8
"Den Helder";32,2;13,4;1,7;1,4;26,7;1,8;21,5;1,4;4,1;1,0;0,7;2,2;0,6;3,1;0,7;2,8;0,5;1,8;2,0;2,1
"Deurne";35,6;14,7;1,4;0,3;30,6;1,0;14,2;2,2;3,2;1,2;0,8;3,7;0,8;1,2;1,1;3,4;0,7;2,0;0,6;2,2
"Deventer";30,6;12,5;3,3;1,0;32,3;1,0;18,3;1,0;3,9;1,0;0,7;2,4;0,5;3,7;0,7;2,3;0,6;1,6;2,3;2,7
"Diemen";31,8;10,9;4,4;7,0;22,7;2,2;19,3;1,7;5,0;0,7;0,6;3,1;0,5;2,0;0,5;1,0;0,5;1,1;3,4;1,2
"Dinkelland";33,9;16,4;0,5;0,8;31,8;0,3;15,1;1,2;6,9;2,0;0,9;4,6;1,3;1,2;1,2;10,1;1,0;1,1;0,9;2,2
"Doesburg";38,8;13,8;0,5;1,9;26,9;1,3;15,9;0,8;6,9;0,9;0,7;5,7;0,7;1,3;0,8;6,4;0,6;1,2;1,5;1,3
"Doetinchem";36,0;13,0;1,5;0,8;32,9;1,0;12,9;2,1;3,4;1,0;0,8;2,3;0,8;1,9;0,8;2,0;0,7;1,5;1,5;3,4
"Dongen";34,8;17,4;0,7;0,8;26,3;0,9;18,0;1,1;7,0;1,5;0,6;1,6;0,6;2,5;1,0;7,5;0,8;2,1;1,1;1,4
"Dordrecht";33,1;14,1;3,2;2,6;25,1;1,5;18,9;1,5;2,9;0,8;0,6;1,4;0,4;5,9;0,5;1,7;0,7;1,6;3,1;2,6
"Drechterland";32,7;14,9;2,1;0,0;34,2;0,6;13,3;2,1;7,8;1,5;0,9;4,5;0,9;0,8;1,6;3,4;0,6;1,6;0,7;2,3
"Drimmelen";37,9;14,5;0,7;0,8;25,6;0,4;18,0;2,1;10,0;1,2;0,8;3,8;0,7;1,8;0,8;9,2;0,7;2,0;1,0;1,6
"Dronten";34,3;16,8;1,4;1,4;26,9;0,5;17,1;1,7;5,6;1,5;1,3;4,4;2,6;0,4;1,3;5,3;1,1;1,4;0,8;2,7
"Druten";39,6;14,0;0,2;2,2;25,3;0,8;14,4;3,4;2,3;1,2;0,7;1,9;1,2;1,0;1,4;14,4;0,7;2,3;1,0;2,1
"Duiven";36,1;15,1;2,0;0,7;25,4;1,3;18,7;0,7;5,2;1,1;0,8;1,6;0,7;2,0;0,7;1,7;0,6;2,1;1,8;1,8
"Echt-Susteren";43,1;18,6;1,6;0,3;18,3;0,2;16,9;1,1;3,6;1,0;0,8;4,1;0,8;1,7;0,9;2,3;0,7;0,9;1,2;2,4
"Edam-Volendam";27,2;14,9;0,2;2,9;33,1;1,5;18,7;1,6;3,2;1,2;0,6;2,5;1,4;0,6;1,7;9,5;0,9;1,4;0,5;1,4
"Ede";33,8;16,5;2,4;0,6;30,1;1,4;13,6;1,7;4,3;1,1;0,7;2,9;0,8;2,0;0,8;3,0;0,9;1,6;2,1;1,7
"Eemnes";39,0;16,9;1,8;0,6;24,3;0,4;15,8;1,3;5,0;1,0;1,0;2,8;0,9;0,8;0,8;7,0;0,6;1,1;0,9;1,2
"Eersel";36,0;18,0;0,3;0,4;26,1;0,9;17,1;1,2;9,9;1,6;0,8;3,2;0,8;0,8;0,8;15,3;1,0;3,0;1,1;2,3
"Eijsden-Margraten";42,2;16,9;0,8;1,1;17,9;1,7;17,8;1,5;6,7;1,1;1,1;5,8;0,9;1,4;1,2;4,2;0,8;1,4;0,8;1,5
"Eindhoven";34,3;13,3;3,3;2,4;25,7;1,1;18,5;1,4;2,6;0,8;0,6;1,3;0,5;2,8;0,5;3,2;0,6;2,5;2,9;2,3
"Elburg";37,4;12,4;1,2;1,0;32,5;0,5;12,7;2,3;14,2;1,1;0,7;2,5;1,3;1,3;1,3;4,8;0,9;0,8;1,6;2,7
"Emmen";38,9;16,3;0,4;1,0;27,4;1,3;12,7;1,9;7,1;1,3;0,9;4,1;0,9;1,9;1,1;5,6;0,8;2,1;1,2;4,0
"Enkhuizen";27,1;10,6;1,7;0,5;35,5;0,6;21,9;2,1;1,7;0,8;0,6;1,7;0,7;1,0;0,7;2,0;0,5;1,2;1,6;1,5
"Enschede";28,9;14,5;1,9;1,9;32,9;1,4;17,1;1,5;3,0;0,8;0,6;1,5;0,6;3,2;0,7;2,7;0,7;1,8;2,3;2,2
"Epe";36,8;20,7;0,4;0,9;24,7;1,3;14,2;1,0;4,6;1,3;0,8;4,1;0,9;2,0;1,3;10,2;1,0;2,3;1,4;1,9
"Ermelo";31,3;17,5;1,7;0,2;31,1;0,8;15,4;2,0;5,2;1,3;0,8;2,2;1,1;0,7;1,0;1,9;0,9;1,5;1,3;2,0
"Etten-Leur";36,8;15,3;1,4;0,9;25,3;0,6;18,5;1,3;2,0;1,1;0,7;1,9;0,7;2,1;0,7;2,0;0,6;1,7;2,0;2,0
"Geertruidenberg";40,1;13,6;0,1;2,0;26,7;1,0;15,2;1,4;7,0;1,5;0,7;1,7;0,6;1,5;0,6;16,1;0,6;1,9;2,6;1,3
"Geldrop-Mierlo";34,6;15,2;0,8;1,4;27,3;1,0;18,4;1,2;2,5;1,0;0,6;2,7;0,7;1,3;0,6;2,2;0,7;3,1;2,3;1,5
"Gemert-Bakel";35,6;15,2;0,4;0,5;25,3;1,0;20,0;2,1;3,3;1,5;0,7;3,2;0,7;2,1;0,7;11,1;0,8;1,4;1,9;1,8
"Gennep";41,2;14,6;0,7;1,7;24,1;0,4;16,2;1,2;7,9;1,3;0,7;2,7;0,7;1,7;0,8;8,8;0,8;0,9;1,7;2,6
"Gilze en Rijen";34,2;15,9;2,3;0,7;21,9;0,8;22,5;1,6;9,6;0,8;0,7;6,5;0,7;2,1;0,8;3,2;0,5;1,4;1,9;1,3
"Goeree-Overflakkee";39,3;15,8;0,1;2,5;23,6;0,2;16,3;2,4;8,9;1,1;0,7;7,9;1,8;1,1;1,0;37,7;0,9;1,6;1,4;1,1
"Goes";35,5;12,8;1,7;1,3;31,0;0,3;16,0;1,3;4,4;1,0;0,7;1,7;0,8;1,8;0,7;2,6;0,9;1,4;1,8;1,4
"Goirle";33,3;17,1;0,5;0,7;29,3;1,0;16,0;2,1;4,6;0,9;0,7;1,8;0,7;1,3;0,7;5,5;0,6;3,3;1,1;1,4
"Gooise Meren";33,4;15,5;2,2;0,8;28,7;1,7;16,5;1,3;4,1;0,7;0,5;1,4;0,6;2,7;0,5;2,1;0,6;1,4;3,4;1,4
"Gorinchem";32,1;15,5;1,8;0,6;25,7;1,9;20,3;2,1;2,2;0,8;0,6;0,7;0,5;2,1;0,6;1,9;0,5;1,5;1,4;1,8
"Gouda";26,8;11,1;4,0;1,1;35,3;0,4;19,5;1,9;2,1;0,6;0,5;1,1;0,5;3,2;0,5;1,6;0,5;1,7;3,2;2,7
"Grave";42,0;14,7;0,2;1,1;22,0;1,2;17,8;1,1;14,1;1,6;0,6;1,5;0,6;1,1;0,9;9,0;0,8;0,7;0,8;1,5
"Groningen";24,1;10,3;2,6;3,4;38,2;1,0;19,5;1,0;2,7;0,7;0,7;1,2;0,5;5,1;0,5;2,4;0,6;1,1;2,9;2,7
"Gulpen-Wittem";45,3;14,9;1,7;3,3;8,1;1,3;23,6;1,9;10,0;1,8;1,3;3,6;2,8;0,3;1,7;7,1;0,7;1,3;0,5;2,3
"Haaksbergen";36,5;13,9;0,6;1,2;32,2;0,3;14,3;1,1;2,2;1,4;0,7;1,8;0,9;1,3;1,2;12,6;0,9;1,2;0,9;1,9
"Haaren";34,1;13,7;1,0;0,3;30,6;1,4;16,6;2,2;6,2;1,3;1,0;4,7;1,1;0,7;1,1;4,8;1,1;1,9;0,7;2,1
"Haarlem";25,6;11,2;4,2;3,4;32,1;1,5;20,5;1,5;2,4;0,6;0,5;1,1;0,4;4,6;0,4;2,0;0,5;1,2;5,5;2,2
"Haarlemmermeer";40,3;16,5;4,3;4,1;19,6;1,5;11,7;2,1;"";0,9;0,7;2,1;0,7;1,9;0,7;"";0,7;1,5;1,8;""
"Halderberge";35,5;18,5;0,4;1,1;23,6;1,2;19,1;0,7;3,6;1,1;0,7;3,6;0,8;1,1;0,7;3,7;0,7;1,2;1,2;1,4
"Hardenberg";36,9;15,7;0,8;0,6;31,2;0,2;13,1;1,5;5,5;1,5;1,0;4,1;1,1;1,1;1,2;6,5;1,2;1,5;0,9;2,2
"Harderwijk";30,4;14,1;1,5;0,6;36,1;0,8;15,3;1,1;2,5;0,9;0,6;2,0;1,0;1,1;0,7;2,5;0,6;1,7;1,7;2,4
"Hardinxveld-Giessendam";30,4;16,3;0,6;0,0;28,1;0,3;23,3;0,9;6,0;0,8;0,6;2,7;0,7;1,6;0,8;1,1;0,6;1,7;0,7;1,1
"Harlingen";24,5;10,7;1,8;0,3;34,3;1,9;22,6;3,9;2,0;1,1;0,7;1,4;0,6;3,9;0,8;1,4;0,8;1,1;1,9;2,1
"Hattem";28,5;15,3;0,4;0,2;36,5;1,0;16,5;1,7;9,5;1,1;0,7;5,0;0,7;1,6;0,6;5,6;0,7;2,5;2,8;1,2
"Heemskerk";32,2;14,8;2,2;0,5;29,1;1,1;18,8;1,3;2,0;0,7;0,5;1,9;0,9;0,9;0,7;2,5;0,6;2,0;1,3;1,5
"Heemstede";29,1;15,9;2,1;0,6;35,6;0,9;14,6;1,2;1,9;0,8;0,7;1,3;0,6;3,7;0,6;2,3;0,9;1,4;3,7;1,6
"Heerde";33,5;14,6;0,4;0,5;32,7;1,1;15,5;1,8;3,4;1,3;0,8;3,7;1,0;1,6;0,9;7,9;1,0;3,6;1,4;1,4
"Heerenveen";34,6;14,9;1,5;1,0;31,2;0,3;14,9;1,5;5,0;1,6;0,9;3,2;0,9;2,0;0,9;4,4;0,9;1,4;1,5;2,5
"Heerhugowaard";32,6;15,3;2,4;0,9;28,9;1,3;17,3;1,2;2,3;0,9;0,6;1,9;0,7;1,5;0,6;2,7;0,8;1,8;1,9;2,1
"Heerlen";42,5;16,2;1,6;3,3;9,7;1,0;23,4;2,3;4,2;0,7;0,6;1,3;1,0;1,0;1,0;2,4;0,6;1,6;1,2;2,2
"Heeze-Leende";42,4;13,4;1,2;0,5;26,2;0,6;13,5;2,2;6,6;1,8;0,8;7,0;0,8;1,6;0,6;2,8;1,0;2,8;1,9;1,7
"Heiloo";27,2;12,2;3,2;0,1;42,1;0,7;13,9;0,8;3,5;1,0;0,6;1,9;0,6;2,4;0,7;1,5;0,7;3,0;1,2;2,0
"Hellendoorn";35,5;16,2;1,3;0,1;32,5;0,1;12,4;2,0;2,9;1,1;0,7;2,5;0,8;1,8;1,0;2,7;0,8;1,7;1,0;2,2
"Hellevoetsluis";40,9;14,4;0,2;2,3;20,7;0,2;19,5;1,7;1,7;0,9;0,7;3,1;0,8;1,3;0,9;27,8;0,6;1,9;0,7;1,6
"Helmond";34,5;14,7;1,9;0,6;25,6;1,7;19,8;1,2;3,4;0,8;0,6;1,5;0,6;2,3;0,7;2,0;0,7;2,4;1,8;2,6
"Hendrik-Ido-Ambacht";37,0;20,1;1,2;2,1;22,9;1,6;13,7;1,4;2,5;0,7;0,6;2,5;0,5;2,8;0,6;3,5;0,5;1,9;2,4;1,5
"Hengelo";34,0;14,5;1,5;1,1;30,1;0,5;17,0;1,4;3,8;0,9;0,7;1,8;0,6;2,9;0,6;2,0;0,6;2,0;2,4;1,9
"Het Hogeland";35,8;14,9;2,2;0,7;27,3;0,6;16,6;1,9;"";1,4;"";"";2,2;0,7;1,7;"";1,0;1,0;0,8;""
"Heumen";35,6;17,6;1,0;0,8;24,3;0,7;18,6;1,5;6,4;1,3;0,8;3,3;1,0;1,2;0,6;4,1;0,6;0,5;1,9;1,6
"Heusden";43,6;17,0;0,6;1,1;20,5;0,4;16,0;0,8;3,7;1,1;0,6;3,7;0,7;1,6;0,7;10,9;0,9;2,1;1,6;1,3
"Hillegom";34,2;16,2;2,8;0,7;30,3;0,5;14,3;1,2;1,5;0,7;0,6;1,7;0,6;2,0;0,6;2,8;0,7;1,6;2,6;1,8
"Hilvarenbeek";41,2;14,6;1,0;0,6;24,1;0,2;15,1;3,2;8,0;1,5;0,7;9,2;0,9;1,1;0,7;11,1;1,0;1,3;1,5;1,5
"Hilversum";30,6;12,2;4,9;1,0;30,7;1,3;18,3;1,1;2,9;0,7;0,6;0,9;0,6;2,2;0,6;1,7;0,5;1,7;2,4;2,2
"Hoeksche Waard";38,3;14,7;0,5;2,1;25,2;0,9;17,2;1,3;"";1,0;"";"";1,2;0,9;0,9;"";0,8;1,7;1,4;""
"Hof van Twente";36,6;15,6;1,2;0,3;29,5;0,2;13,5;3,0;4,3;1,6;0,9;3,3;0,9;1,5;1,0;3,2;0,9;1,1;1,6;2,0
"Hollands Kroon";36,0;18,0;1,5;0,8;24,1;0,8;16,5;2,2;14,5;1,4;1,1;7,4;1,2;1,1;1,3;10,2;0,9;1,5;0,6;1,9
"Hoogeveen";37,4;16,8;0,9;0,5;26,6;0,8;15,4;1,6;4,1;1,4;0,7;2,8;1,2;1,2;1,2;4,2;0,8;1,9;1,6;3,6
"Hoorn";30,3;14,6;2,6;1,0;30,5;0,5;19,3;1,1;2,8;0,8;0,6;1,8;0,8;1,6;0,6;1,9;0,6;1,8;2,4;1,7
"Horst aan de Maas";38,1;16,0;1,2;0,3;26,0;0,2;17,0;1,1;4,8;1,4;0,8;3,9;0,8;1,6;1,1;5,1;1,1;1,5;1,2;2,5
"Houten";32,8;12,8;3,1;0,5;33,5;1,0;14,8;1,6;2,3;1,5;0,6;1,9;1,0;1,2;0,8;2,0;1,1;2,1;1,7;2,0
"Huizen";32,6;13,5;0,5;1,3;30,8;1,1;19,2;1,0;5,2;0,8;0,6;1,3;0,5;3,0;0,6;7,5;0,6;2,3;1,9;1,2
"Hulst";39,6;15,9;0,2;1,5;24,1;0,7;15,2;2,9;4,9;2,1;1,0;4,8;0,9;1,4;1,1;47,1;1,0;2,0;1,4;3,3
"IJsselstein";27,8;13,8;0,6;2,7;33,6;1,4;18,6;1,4;4,2;0,7;0,6;1,8;0,6;2,5;0,5;11,2;0,6;1,6;3,6;1,6
"Kaag en Braassem";36,9;14,6;0,3;1,4;25,9;0,9;18,0;2,1;7,8;1,2;0,7;2,9;0,9;0,7;0,9;7,9;1,0;1,5;0,9;1,4
"Kampen";26,7;12,9;1,2;0,7;37,8;1,2;17,5;1,9;2,7;1,4;0,6;1,4;1,1;1,1;1,0;2,3;0,8;1,4;1,6;1,9
"Kapelle";35,0;15,0;1,4;0,0;28,8;1,4;16,6;1,8;6,6;0,9;0,7;2,4;0,7;1,8;0,6;2,4;0,6;0,9;2,5;1,1
"Katwijk";26,8;14,2;0,9;0,5;33,5;2,8;19,6;1,7;2,3;0,7;0,5;1,1;1,0;0,6;0,7;6,5;0,5;1,1;1,1;1,3
"Kerkrade";42,8;16,9;1,1;2,6;9,6;0,7;23,8;2,5;2,3;0,8;0,6;2,4;0,7;1,1;0,7;1,8;0,7;1,3;1,1;2,4
"Koggenland";33,7;16,5;1,6;0,1;27,8;1,3;17,8;1,2;7,1;1,2;0,8;6,3;0,7;1,6;1,0;5,2;0,9;1,3;1,3;1,5
"Krimpen aan den IJssel";34,2;14,8;0,7;2,9;27,2;1,5;17,2;1,3;1,8;1,5;0,7;1,4;0,6;2,5;0,6;7,8;0,6;1,1;2,0;1,6
"Krimpenerwaard";31,7;12,4;0,8;3,0;30,4;0,7;19,0;1,9;5,4;1,2;0,8;3,6;1,3;0,7;1,1;10,9;0,7;1,0;1,2;1,4
"Laarbeek";35,1;16,0;0,4;0,2;26,5;0,9;18,0;3,0;5,9;1,1;0,8;2,5;0,7;1,8;0,8;8,5;1,1;1,6;1,3;1,3
"Landerd";34,8;16,8;0,9;0,3;29,8;0,0;15,1;2,4;8,2;1,1;1,0;6,2;1,0;1,2;1,3;10,0;0,8;1,3;1,0;1,8
"Landgraaf";46,3;20,5;1,4;1,1;11,1;0,7;17,6;1,4;5,9;0,7;0,7;2,0;1,4;0,4;1,2;2,1;0,6;2,4;0,4;5,1
"Landsmeer";27,6;18,2;0,9;5,3;22,7;5,6;18,5;1,1;4,3;0,8;0,6;4,1;0,7;2,6;0,6;8,0;0,8;1,8;3,7;1,1
"Langedijk";31,9;13,6;0,9;0,1;34,3;1,6;16,8;0,7;4,2;0,9;0,8;2,4;0,8;1,7;0,7;4,0;0,7;1,4;1,5;1,8
"Lansingerland";35,2;17,4;0,5;3,0;25,5;1,8;15,8;0,8;2,2;0,8;0,8;1,9;0,7;2,2;0,7;6,8;0,7;1,2;2,6;1,9
"Laren";39,4;16,0;1,3;0,7;28,1;1,8;11,6;1,0;2,9;0,9;0,7;0,9;0,5;2,5;0,6;5,1;0,5;1,1;2,3;1,2
"Leeuwarden";29,9;12,7;2,6;1,7;31,5;1,0;18,7;1,8;4,7;1,0;0,8;1,5;0,6;2,5;0,8;3,1;0,7;2,2;2,1;2,6
"Leiden";20,8;8,5;7,4;2,6;38,2;2,0;19,4;1,0;2,7;0,5;0,6;1,1;0,4;4,3;0,6;1,9;0,5;2,1;3,1;1,8
"Leiderdorp";33,0;14,2;1,7;1,8;28,4;2,0;18,1;0,9;1,9;1,0;0,5;1,4;0,5;2,2;0,5;4,2;0,6;2,0;1,7;1,6
"Leidschendam-Voorburg";33,0;13,1;1,8;5,0;25,4;1,2;19,0;1,5;1,5;0,7;0,6;1,1;0,6;2,6;0,6;2,2;0,6;1,2;2,8;2,3
"Lelystad";33,6;17,2;2,6;1,4;24,2;0,7;18,4;1,9;2,7;1,2;0,8;2,2;1,0;1,1;0,9;2,6;1,1;2,8;1,6;2,9
"Leudal";44,0;15,3;1,0;0,7;21,1;0,2;16,3;1,6;9,8;1,1;1,0;4,7;1,2;0,7;1,1;10,2;0,8;1,0;0,7;3,1
"Leusden";34,8;12,7;1,3;0,7;31,8;1,3;15,5;1,8;2,1;0,8;0,8;4,4;0,8;1,3;0,9;6,1;0,7;2,2;1,0;2,0
"Lingewaard";34,3;13,8;0,7;1,9;31,0;0,7;16,7;1,0;6,5;0,9;0,8;2,5;0,7;1,8;0,8;7,3;0,6;1,5;1,7;1,6
"Lisse";33,7;17,8;1,1;0,9;27,3;2,5;15,3;1,5;4,0;0,7;0,6;1,7;0,7;1,9;0,6;6,4;0,7;1,1;2,1;1,5
"Lochem";41,3;14,1;2,1;0,7;25,1;0,2;14,5;2,0;5,2;1,5;1,1;4,5;1,0;1,6;1,0;4,7;1,1;1,1;1,2;2,1
"Loon op Zand";39,8;23,9;0,6;1,1;17,2;0,7;13,2;3,5;5,8;0,9;0,5;2,7;0,5;2,2;0,5;11,3;0,7;2,0;2,3;1,4
"Lopik";40,1;11,5;0,7;2,5;19,3;0,4;24,2;1,3;8,0;1,6;0,8;7,0;1,0;1,5;1,3;15,7;1,2;1,6;1,3;2,3
"Loppersum";32,6;18,2;2,9;0,7;26,9;0,1;17,9;0,8;14,3;1,6;1,4;9,3;2,4;0,5;2,4;3,3;1,3;1,3;0,5;2,7
"Losser";40,3;15,8;0,3;0,7;27,3;0,4;12,6;2,5;8,5;1,2;0,9;2,4;1,1;1,3;1,0;6,2;1,1;1,1;1,5;2,1
"Maasdriel";40,8;16,0;0,3;0,8;24,2;1,4;14,9;1,6;8,3;1,0;0,8;7,7;1,1;1,0;1,1;7,8;0,8;1,1;1,0;2,4
"Maasgouw";44,4;17,9;1,3;0,7;18,0;0,0;15,9;1,7;7,4;0,8;0,8;5,7;0,9;1,0;0,9;7,7;0,6;1,9;0,9;3,0
"Maassluis";33,5;17,2;2,7;0,9;21,2;0,3;23,4;0,6;1,5;1,2;0,6;1,8;0,6;1,9;0,6;12,7;0,5;1,9;1,8;1,6
"Maastricht";30,3;12,7;2,7;3,4;22,7;3,1;23,4;1,6;1,8;0,6;0,6;1,6;0,6;2,4;0,9;2,6;0,5;2,5;1,6;3,1
"Medemblik";34,4;14,5;1,2;0,8;29,1;0,6;17,3;2,1;11,6;1,2;0,7;5,4;0,8;1,4;1,1;8,7;0,7;2,4;0,9;1,7
"Meerssen";41,7;18,1;2,5;0,2;14,5;2,2;19,9;0,8;6,5;0,8;0,8;2,8;0,7;1,4;1,2;1,8;0,8;1,6;0,8;2,5
"Meierijstad";39,8;15,3;0,3;0,9;24,9;0,7;16,6;1,4;9,8;1,3;0,7;3,5;0,8;1,8;0,9;13,8;0,8;1,4;1,2;1,8
"Meppel";31,7;14,7;2,1;0,7;32,9;0,2;16,9;0,7;3,5;1,0;0,9;1,8;0,9;3,0;0,7;2,7;0,7;1,6;2,4;2,5
"Middelburg";28,8;11,3;1,6;0,7;37,2;1,1;17,4;1,7;2,0;0,8;0,7;1,7;0,6;2,4;0,6;1,9;0,8;1,3;2,1;1,4
"Midden-Delfland";29,6;13,0;0,9;0,6;32,3;1,4;20,4;1,8;2,9;0,8;0,7;1,8;0,7;2,4;0,7;6,1;0,8;1,0;2,3;0,9
"Midden-Drenthe";39,6;15,9;1,1;0,5;25,0;0,5;15,5;2,0;13,8;2,5;1,2;4,3;1,1;1,5;1,1;6,7;1,1;1,6;1,4;3,1
"Midden-Groningen";38,6;17,9;2,1;1,0;24,0;0,5;14,3;1,6;10,9;1,3;"";"";1,0;1,4;1,2;3,4;1,0;1,7;0,7;2,8
"Mill en Sint Hubert";42,7;12,8;0,3;1,5;24,2;0,0;17,6;1,1;12,4;2,0;1,0;2,3;1,8;0,4;1,6;10,8;0,8;2,1;0,4;2,5
"Moerdijk";42,6;14,1;1,2;1,5;22,6;0,0;17,0;1,1;11,0;1,2;0,7;5,9;0,8;1,7;1,0;6,6;0,6;1,7;1,4;1,5
"Molenlanden";35,1;15,9;0,7;0,9;27,7;1,7;16,3;1,6;"";1,1;"";"";1,0;1,1;1,4;"";1,4;2,1;0,5;""
"Montferland";39,1;13,8;1,3;0,2;25,1;0,5;17,1;2,9;7,6;1,1;0,8;5,0;0,9;1,6;1,2;5,1;0,6;1,1;1,1;2,0
"Montfoort";33,4;9,1;0,9;0,9;38,0;0,7;16,5;0,5;6,6;1,0;0,7;1,9;1,5;0,6;0,8;8,0;0,6;0,6;1,7;1,1
"Mook en Middelaar";39,2;17,0;2,3;1,2;18,3;1,1;20,6;0,4;8,8;1,0;0,7;2,2;0,7;0,8;0,7;2,0;0,8;0,7;0,8;1,9
"Neder-Betuwe";40,9;18,5;1,3;0,2;20,2;2,0;13,8;3,0;9,5;1,1;0,7;3,5;0,9;1,5;2,0;2,5;1,2;1,7;0,5;1,2
"Nederweert";43,2;17,3;0,1;0,6;21,1;0,6;14,4;2,7;7,2;1,4;0,9;2,3;0,8;1,4;1,1;7,9;1,0;1,3;1,1;2,4
"Nieuwegein";37,2;13,6;1,5;3,7;21,8;1,6;18,9;1,7;2,6;0,7;0,6;1,3;0,8;1,0;0,6;7,3;0,6;1,7;1,9;1,9
"Nieuwkoop";40,8;14,0;0,8;1,3;25,3;0,8;15,6;1,5;8,6;1,1;1,3;4,5;0,9;1,2;1,0;11,2;0,8;1,0;0,9;2,1
"Nijkerk";33,5;15,4;1,7;0,1;32,3;1,1;15,2;0,8;2,6;1,1;0,7;1,7;0,8;2,6;0,8;2,0;1,0;1,3;1,9;1,9
"Nijmegen";28,0;12,4;3,7;3,3;29,5;1,5;20,4;1,2;2,7;0,8;0,6;1,2;0,5;3,1;0,6;1,8;0,7;2,0;2,6;2,4
"Nissewaard";36,6;15,8;0,6;4,7;20,8;1,3;18,5;1,6;2,9;0,8;0,6;2,7;0,8;1,5;0,7;16,9;0,6;2,9;1,3;2,0
"Noardeast-Fryslân";36,6;13,7;0,7;1,4;27,2;0,5;19,1;0,8;"";1,6;"";"";1,5;1,0;2,3;"";1,1;1,4;0,4;""
"Noord-Beveland";39,2;14,8;0,1;0,7;19,2;0,1;23,7;2,2;16,2;1,1;1,1;13,9;1,0;0,8;1,0;15,1;1,0;2,0;0,8;1,2
"Noordenveld";40,4;17,2;0,3;1,9;24,3;0,3;14,6;0,9;12,8;1,5;1,2;3,1;1,4;0,7;1,3;14,6;0,9;1,4;0,9;2,4
"Noordoostpolder";38,2;16,3;0,6;1,5;25,0;0,3;16,1;2,0;5,2;2,2;1,0;4,5;1,6;0,6;1,3;23,2;1,1;1,1;1,0;2,5
"Noordwijk";35,5;15,4;1,0;1,2;25,4;1,8;19,0;0,8;"";0,8;0,5;1,4;0,6;3,4;0,6;"";0,6;1,5;3,1;""
"Nuenen c.a.";37,8;14,6;0,6;0,9;28,5;1,4;14,3;1,9;5,7;1,2;0,8;1,8;0,9;1,0;0,7;5,8;0,9;1,9;1,1;1,6
"Nunspeet";34,1;13,9;1,2;0,3;31,9;0,8;14,8;3,0;13,4;1,6;0,8;2,5;1,1;0,7;1,3;3,8;0,9;2,0;0,6;1,7
"Oegstgeest";30,0;13,4;2,3;1,0;32,9;1,5;18,1;0,9;2,4;0,8;0,6;1,0;0,5;3,0;0,5;3,5;0,6;1,4;2,7;1,4
"Oirschot";39,0;14,8;0,4;0,4;28,8;0,4;15,4;0,7;12,6;1,4;1,1;3,8;1,0;1,0;1,0;8,4;0,9;2,0;1,3;1,7
"Oisterwijk";37,7;17,3;1,3;0,3;28,6;1,6;11,8;1,5;2,1;1,4;0,7;1,8;0,6;2,0;0,8;2,3;0,7;2,3;1,0;1,3
"Oldambt";36,7;19,8;1,5;0,5;25,3;0,9;13,4;2,0;4,6;1,6;0,9;3,7;0,9;1,2;2,0;3,2;0,8;1,6;1,1;2,1
"Oldebroek";35,3;13,8;0,6;0,4;31,2;1,1;15,3;2,4;11,8;1,5;0,7;2,7;0,8;2,5;1,3;3,6;1,1;1,4;2,1;2,2
"Oldenzaal";36,2;11,8;0,6;0,7;32,4;0,4;16,5;1,5;2,0;0,7;0,7;1,2;0,7;1,3;0,7;2,2;0,7;1,0;1,7;2,1
"Olst-Wijhe";32,5;15,0;2,8;0,9;30,7;0,5;16,2;1,3;9,6;1,6;1,0;4,7;1,6;0,4;1,6;2,4;1,2;1,1;0,4;1,7
"Ommen";37,7;16,0;1,6;0,8;28,8;0,2;12,2;2,8;3,4;2,2;1,0;3,3;1,8;0,4;1,6;3,9;1,3;1,7;0,6;2,7
"Oost Gelre";35,0;13,1;0,4;0,9;34,3;0,3;14,0;1,9;2,1;1,5;0,8;2,1;1,2;0,9;1,0;4,6;0,9;1,0;1,4;2,4
"Oosterhout";36,8;16,5;0,5;1,4;22,6;0,8;19,9;1,4;2,5;0,9;0,6;1,6;0,9;1,0;0,8;9,1;0,6;1,9;1,3;2,4
"Ooststellingwerf";36,8;13,3;0,2;1,2;31,2;0,7;15,2;1,5;19,8;1,4;1,0;4,4;1,1;1,2;1,5;22,0;0,9;1,5;0,7;2,5
"Oostzaan";32,3;12,3;1,2;2,3;33,2;3,5;13,1;2,1;5,4;1,6;0,6;3,5;0,6;2,5;0,6;5,7;0,7;1,3;1,6;1,0
"Opmeer";32,9;16,7;0,8;0,3;28,6;0,8;16,4;3,5;11,1;1,2;0,8;10,0;1,3;0,4;1,0;5,5;0,7;1,2;1,1;1,7
"Opsterland";35,6;19,5;0,5;0,8;28,5;0,2;13,1;1,8;10,1;1,4;0,9;4,7;1,0;1,2;1,5;16,8;0,9;1,9;0,8;3,0
"Oss";37,7;14,6;1,8;0,3;25,9;0,9;17,4;1,5;4,2;1,1;0,7;2,4;0,7;2,1;0,8;2,8;0,7;2,0;1,8;1,9
"Oude IJsselstreek";37,1;14,7;0,5;0,4;32,5;0,8;12,8;1,3;7,3;1,3;0,8;3,0;1,2;1,1;1,3;4,0;0,9;1,2;0,7;2,0
"Ouder-Amstel";33,1;14,9;3,6;3,6;26,6;1,7;15,2;1,2;4,2;1,0;0,7;3,0;0,9;1,0;0,6;3,7;0,8;1,4;3,1;1,0
"Oudewater";31,6;15,8;0,3;1,4;35,9;0,3;13,7;1,0;9,4;1,2;0,9;8,0;1,2;0,7;1,0;10,3;0,9;1,3;1,1;1,3
"Overbetuwe";35,9;16,0;1,6;0,8;23,5;0,8;20,1;1,1;6,1;1,0;0,7;2,5;0,7;2,3;0,9;2,8;0,8;1,2;1,6;1,9
"Papendrecht";37,7;14,6;1,7;1,0;25,1;0,8;18,0;1,1;6,4;0,9;0,6;1,2;0,6;3,4;0,5;4,1;0,6;1,6;3,2;1,5
"Peel en Maas";36,1;14,9;0,6;0,8;29,4;0,3;15,3;2,6;5,0;1,6;0,8;4,7;0,8;1,2;0,9;9,2;0,8;0,9;0,9;1,8
"Pekela";42,0;15,9;1,8;0,9;22,3;0,5;15,3;1,3;7,0;1,1;0,8;2,4;0,9;0,7;1,9;6,9;1,0;1,2;0,7;1,3
"Pijnacker-Nootdorp";28,7;16,6;1,4;2,4;30,9;1,2;17,3;1,6;3,5;0,9;0,7;2,4;0,6;2,0;0,6;4,4;0,7;1,8;2,8;2,4
"Purmerend";32,0;14,2;1,3;3,7;23,7;1,5;22,2;1,4;2,2;0,8;0,6;2,5;0,8;0,9;0,7;1,9;0,5;1,7;1,4;2,1
"Putten";36,1;18,9;1,6;0,3;31,6;0,6;9,4;1,5;2,0;1,5;0,8;2,4;1,5;0,4;1,3;3,0;1,0;0,8;0,6;2,0
"Raalte";36,7;12,4;1,3;0,4;30,4;0,5;16,3;1,9;4,8;1,4;1,0;4,3;1,0;1,6;1,1;3,3;1,3;1,3;1,1;2,0
"Reimerswaal";29,8;14,2;1,5;0,5;32,0;0,7;19,2;2,1;14,5;1,2;0,6;5,5;0,6;2,0;0,9;3,0;0,6;1,1;1,5;1,6
"Renkum";34,3;13,0;1,8;2,5;24,5;0,7;21,3;1,9;7,1;1,0;0,7;3,3;0,6;2,3;0,6;3,7;0,8;1,2;2,7;1,1
"Renswoude";32,4;20,1;2,7;0,0;30,8;1,2;13,0;0,0;7,3;1,0;0,8;7,1;1,8;0,2;1,9;4,6;0,8;0,7;0,1;1,1
"Reusel-De Mierden";33,9;16,2;0,0;0,6;30,4;0,5;16,9;1,6;19,7;1,4;0,7;6,5;0,8;1,4;0,6;23,6;0,7;0,9;1,4;2,4
"Rheden";34,2;16,9;2,5;1,3;28,1;0,8;14,9;1,4;2,2;1,2;0,5;1,9;0,6;2,8;0,5;1,3;0,6;0,8;2,5;1,2
"Rhenen";36,0;19,0;0,7;1,6;17,5;1,7;20,6;2,8;6,5;1,0;0,7;2,1;0,8;1,6;0,9;2,6;1,3;0,6;1,9;1,5
"Ridderkerk";35,4;14,7;0,6;3,2;23,5;1,3;20,0;1,3;2,2;0,9;0,6;2,1;0,5;3,0;0,6;5,3;0,6;2,1;2,2;1,9
"Rijssen-Holten";33,3;15,0;1,0;0,3;33,0;0,6;14,9;1,8;3,3;1,3;0,7;1,3;0,9;1,5;1,0;1,7;0,8;1,4;1,1;1,7
"Rijswijk";32,3;13,4;2,7;4,8;22,9;1,6;21,2;1,0;3,5;0,7;0,6;1,4;0,6;3,1;0,5;1,8;0,5;1,6;3,7;1,9
"Roerdalen";42,4;15,4;0,6;0,1;19,3;0,1;20,7;1,4;7,5;0,9;0,9;5,5;1,1;0,9;1,1;7,9;0,8;1,5;0,8;6,1
"Roermond";38,2;15,0;2,9;1,1;20,4;1,1;19,9;1,5;2,6;1,0;0,7;1,8;0,9;1,2;0,8;2,1;0,7;1,7;1,4;2,8
"Roosendaal";35,3;16,9;2,2;0,7;25,9;0,9;16,6;1,5;3,7;0,8;0,7;2,2;0,6;2,8;0,8;3,2;0,6;1,6;1,8;2,4
"Rotterdam";26,4;13,4;3,3;11,1;18,2;1,1;24,9;1,6;2,1;0,6;0,5;1,2;0,4;7,5;0,5;3,4;0,5;2,1;3,8;1,9
"Rozendaal";30,6;23,1;3,3;0,0;27,6;0,0;14,3;1,1;3,0;1,2;0,7;1,3;1,1;0,9;0,9;2,2;0,7;0,4;1,2;1,6
"Rucphen";37,2;17,8;1,4;0,6;20,6;1,2;18,6;2,6;7,0;1,1;0,8;2,9;0,8;1,1;1,2;6,4;0,8;1,6;0,7;2,7
"Schagen";36,2;14,4;2,4;0,7;29,7;0,6;14,5;1,3;6,0;1,1;0,9;4,8;0,9;1,2;1,0;5,6;0,6;1,3;0,8;2,1
"Scherpenzeel";33,6;11,2;0,0;1,5;33,4;0,3;17,8;2,2;9,5;1,0;0,6;7,0;0,8;1,8;0,8;8,3;0,6;0,8;1,4;1,5
"Schiedam";29,9;13,5;2,3;6,3;20,7;1,9;24,0;1,4;2,3;0,9;0,5;1,2;0,5;3,3;0,4;2,6;0,5;1,6;4,5;2,3
"Schiermonnikoog";8,3;12,5;2,1;7,7;40,4;0,0;28,3;0,9;57,3;0,5;0,5;0,5;22,7;0,0;22,7;39,1;0,7;15,6;0,0;0,6
"Schouwen-Duiveland";37,9;16,5;0,1;1,4;23,5;0,4;18,3;1,9;7,9;1,4;1,0;8,2;1,0;1,7;1,1;27,1;0,8;1,2;1,4;1,5
"'s-Hertogenbosch";35,0;15,3;3,6;1,6;23,8;1,3;18,0;1,4;2,8;0,9;0,6;2,1;0,6;2,2;0,6;2,7;0,6;1,9;2,0;2,8
"Simpelveld";45,3;17,1;0,9;1,9;9,8;1,0;22,5;1,5;7,0;0,9;0,9;7,7;0,8;0,7;0,8;8,4;0,8;1,9;0,7;1,1
"Sint Anthonis";37,8;12,7;0,7;0,8;30,7;0,1;17,0;0,2;9,7;1,5;1,2;4,5;1,2;0,8;1,4;8,1;0,9;1,7;0,5;2,4
"Sint-Michielsgestel";32,6;15,7;1,1;1,1;31,0;0,6;15,5;2,3;6,5;1,2;0,7;3,3;0,7;1,8;0,7;6,1;0,7;1,8;1,6;2,1
"Sittard-Geleen";40,9;14,8;2,1;0,9;18,4;1,4;20,1;1,4;4,0;0,7;0,7;1,4;0,6;2,0;0,7;2,6;0,5;1,9;1,3;1,9
"Sliedrecht";33,5;16,0;1,3;1,2;26,7;0,4;19,3;1,4;1,5;0,7;0,6;1,3;0,6;2,3;0,6;1,7;0,6;1,7;2,1;1,5
"Sluis";40,8;19,6;0,4;2,1;18,6;0,8;16,6;1,3;8,0;1,3;1,2;7,9;1,2;0,9;1,3;50,7;1,4;1,4;0,9;2,1
"Smallingerland";38,0;14,5;0,1;1,5;29,5;0,8;13,9;1,6;3,8;1,0;0,7;2,2;0,8;1,5;0,8;18,3;0,8;2,3;1,2;3,0
"Soest";38,6;13,6;2,5;0,7;25,4;1,3;16,9;1,1;5,4;0,8;0,7;3,3;0,7;2,5;0,7;2,1;0,8;1,6;1,7;1,6
"Someren";38,6;15,0;0,0;1,0;25,7;0,4;18,3;0,9;5,8;1,3;0,8;2,4;0,8;1,5;0,9;10,4;0,7;2,0;1,0;2,5
"Son en Breugel";44,2;16,7;0,7;1,2;21,6;1,9;12,3;1,4;8,2;1,3;0,7;5,2;0,8;1,5;0,7;8,8;0,6;2,5;1,6;1,8
"Stadskanaal";38,2;15,7;0,1;1,2;26,7;0,2;16,4;1,4;5,5;1,6;0,8;2,8;1,5;0,4;1,4;18,5;0,8;1,3;0,4;3,2
"Staphorst";35,2;19,2;0,0;0,5;30,0;0,0;13,8;1,4;8,2;1,9;1,1;3,2;1,4;0,6;1,3;8,1;1,3;2,0;0,6;2,6
"Stede Broec";26,7;14,6;1,9;0,2;35,4;0,8;18,6;1,8;4,2;1,0;0,6;1,4;0,9;0,9;1,5;1,4;0,6;1,0;0,2;1,7
"Steenbergen";34,7;18,5;0,4;1,5;21,0;1,2;21,7;0,9;4,0;1,1;0,9;4,1;0,9;2,0;1,1;13,1;0,7;2,7;0,9;1,2
"Steenwijkerland";36,6;15,5;1,0;0,6;27,2;0,3;16,6;2,1;7,0;1,8;0,9;5,1;1,2;1,0;1,2;7,4;1,0;1,3;1,2;2,7
"Stein";45,8;19,3;1,5;0,1;13,2;1,0;17,7;1,4;7,5;0,8;0,7;2,5;0,7;1,9;0,9;3,5;0,7;1,4;0,9;2,3
"Stichtse Vecht";36,7;14,8;2,6;1,0;26,3;0,7;16,2;1,5;7,6;0,9;0,7;2,6;0,7;2,1;0,7;3,1;0,9;1,6;3,2;1,9
"Súdwest-Fryslân";31,6;13,9;0,9;1,5;31,4;0,3;18,2;2,1;8,9;1,6;0,9;4,0;1,0;1,7;1,5;5,2;1,2;2,0;1,3;2,5
"Terneuzen";40,0;16,5;0,1;1,8;24,3;0,9;14,6;1,9;6,1;1,2;0,9;5,5;0,8;1,8;0,8;33,3;0,9;2,1;2,0;1,5
"Terschelling";26,5;12,5;0,0;0,0;36,4;0,0;21,0;3,6;38,8;1,4;0,8;3,8;3,8;0,2;3,8;36,2;0,8;37,6;0,4;1,3
"Texel";26,5;16,3;0,2;0,3;38,0;1,2;17,1;0,4;3,9;2,8;1,2;4,3;1,3;1,1;2,3;16,2;0,8;3,4;1,0;3,3
"Teylingen";33,2;12,8;2,9;0,6;29,7;1,4;17,9;1,6;2,5;0,6;0,6;1,6;0,5;3,5;0,6;1,7;0,7;1,0;2,5;1,5
"Tholen";31,1;14,5;0,3;1,5;27,8;1,0;20,7;3,3;15,4;0,8;0,7;7,9;0,7;2,0;1,4;16,3;0,8;1,0;0,9;1,9
"Tiel";35,0;13,9;2,6;0,3;28,0;1,5;17,0;1,7;2,5;1,4;0,9;2,0;1,3;1,1;1,3;1,7;0,6;1,9;1,3;2,3
"Tilburg";33,5;14,2;2,6;1,5;26,0;0,8;19,7;1,7;3,4;0,7;0,6;1,4;0,7;2,0;0,6;2,5;0,6;3,0;1,9;2,5
"Tubbergen";38,9;17,1;0,5;0,5;30,7;0,4;10,8;1,1;4,9;1,8;1,1;3,9;1,1;1,1;1,1;11,1;1,1;1,2;1,0;4,2
"Twenterand";40,2;15,3;1,1;0,2;30,3;0,4;10,7;1,8;5,8;1,0;0,7;2,7;1,1;0,8;1,1;2,8;0,8;1,3;0,7;2,2
"Tynaarlo";37,2;14,5;0,4;1,5;30,5;0,6;14,1;1,1;9,3;1,4;0,9;3,2;1,4;0,7;1,0;8,8;1,0;2,3;1,5;2,3
"Tytsjerksteradiel";36,4;16,3;0,5;0,9;28,1;0,7;15,9;1,4;14,2;1,6;0,8;3,4;0,9;1,0;1,1;5,3;0,8;1,2;1,0;3,3
"Uden";37,5;16,3;0,2;1,2;24,0;1,0;17,9;2,0;3,4;1,0;0,6;1,9;0,7;1,1;0,6;15,6;0,6;1,4;2,1;2,0
"Uitgeest";34,0;12,1;1,5;0,4;32,2;0,0;18,8;1,1;4,3;0,9;0,6;4,5;1,6;0,6;0,6;1,4;0,5;1,2;2,1;1,9
"Uithoorn";34,0;14,7;0,2;3,6;25,2;3,3;17,6;1,4;2,1;1,5;0,8;1,6;0,7;1,9;0,8;11,7;0,7;1,3;1,1;1,6
"Urk";26,1;18,5;0,4;1,1;35,2;1,0;16,2;1,5;1,5;0,6;0,4;0,8;1,2;0,4;1,2;23,4;0,7;1,0;0,8;1,5
"Utrecht";23,2;10,2;7,3;4,3;31,5;1,0;21,3;1,1;2,4;0,6;0,5;1,3;0,5;5,0;0,6;1,7;0,8;2,0;4,3;1,7
"Utrechtse Heuvelrug";36,9;17,0;1,8;1,3;24,4;1,2;16,2;1,3;5,2;1,0;0,7;3,2;1,0;1,7;0,8;4,4;0,9;1,1;2,2;1,3
"Vaals";32,4;25,7;0,8;6,4;9,6;0,0;23,6;1,6;14,2;1,5;1,0;10,5;1,7;0,4;1,4;14,6;0,6;0,6;0,8;1,6
"Valkenburg aan de Geul";44,9;15,6;3,8;1,3;10,2;0,8;20,5;2,9;7,2;1,0;0,7;2,6;0,8;0,8;1,4;1,5;0,6;0,9;0,4;2,2
"Valkenswaard";32,7;16,0;0,5;1,2;29,9;1,7;17,1;0,9;7,5;1,0;0,6;2,5;1,0;1,4;0,6;11,0;0,6;1,1;1,8;2,1
"Veendam";34,6;17,0;0,6;0,8;30,0;0,4;15,3;1,3;2,0;1,2;0,9;1,9;0,8;1,4;1,3;3,8;0,7;2,0;1,2;2,2
"Veenendaal";32,2;14,1;1,4;0,4;33,7;1,0;15,9;1,2;2,0;1,0;0,5;1,4;0,7;2,3;0,6;1,6;0,8;1,5;1,8;1,9
"Veere";34,2;14,3;0,6;0,7;29,4;0,5;19,0;1,3;8,9;0,8;0,7;8,3;2,3;0,6;1,6;10,0;1,3;1,5;0,6;1,5
"Veldhoven";33,8;14,2;0,6;1,3;30,4;0,4;17,5;1,8;3,2;0,9;0,7;3,1;0,6;1,6;0,6;6,6;0,6;2,7;1,9;1,5
"Velsen";36,8;13,3;1,5;1,4;25,5;1,7;18,1;1,8;2,9;0,7;0,6;1,6;0,8;1,9;0,8;3,4;0,5;2,3;1,9;2,3
"Venlo";36,4;13,6;1,8;0,9;24,3;0,5;20,0;2,6;3,9;0,9;0,6;2,4;0,8;1,4;0,7;2,4;0,7;1,4;1,3;3,4
"Venray";37,4;14,9;1,2;0,4;28,7;0,3;15,3;1,9;3,6;1,6;0,8;3,0;0,8;1,9;1,0;3,8;0,9;1,5;1,4;2,7
"Vijfheerenlanden";37,2;16,1;0,9;1,1;24,1;1,4;18,7;0,7;"";1,3;"";"";1,7;0,8;1,3;"";1,0;2,0;0,9;""
"Vlaardingen";28,0;15,9;2,4;2,1;24,1;1,9;23,7;1,9;3,7;0,6;0,5;1,0;0,4;4,8;0,4;6,0;0,5;1,6;3,0;2,3
"Vlieland";5,2;4,9;0,0;0,0;54,4;0,0;35,4;0,0;36,6;0,6;0,7;0,7;0,7;0,8;0,7;34,0;0,7;35,3;0,8;0,6
"Vlissingen";32,8;12,0;1,1;0,8;30,9;0,9;19,8;1,8;2,1;0,7;0,6;2,7;0,6;2,3;0,6;3,0;0,7;1,2;2,4;1,5
"Voerendaal";41,7;21,9;3,0;0,8;12,6;0,0;18,8;1,1;5,7;0,9;0,9;3,4;1,4;0,8;1,0;1,7;0,9;1,4;0,6;4,2
"Voorschoten";28,8;14,7;2,0;1,6;31,3;2,3;17,2;1,9;5,0;0,6;0,8;2,6;0,5;3,2;0,5;1,6;0,6;1,2;2,3;1,3
"Voorst";36,5;17,1;1,4;0,0;31,4;1,7;10,2;1,8;9,1;1,4;0,9;3,1;1,1;1,1;1,1;2,6;0,9;0,9;0,8;1,9
"Vught";37,2;14,1;1,5;1,3;28,4;0,1;15,8;1,5;5,2;0,9;0,8;1,6;0,6;3,0;0,8;1,7;0,6;1,1;2,5;1,7
"Waadhoeke";32,7;13,7;0,8;1,1;29,7;0,8;19,2;2,1;12,9;1,5;"";"";0,8;1,6;1,3;6,3;1,0;1,4;1,1;3,4
"Waalre";38,2;15,6;0,7;1,0;25,9;0,8;16,6;1,3;3,0;0,7;0,8;3,2;0,7;1,6;0,7;7,0;0,6;1,4;1,6;0,9
"Waalwijk";41,5;15,8;0,6;1,0;26,0;0,6;12,9;1,8;3,3;0,8;0,6;1,9;0,7;1,5;0,6;15,1;0,6;1,5;2,2;1,9
"Waddinxveen";40,3;14,9;2,2;1,0;26,6;0,8;12,2;2,0;6,6;0,8;0,7;1,7;0,6;2,2;0,6;1,2;0,4;0,9;1,8;1,9
"Wageningen";21,4;9,9;1,7;2,2;43,3;0,9;19,5;1,0;1,5;0,9;0,6;1,8;0,6;2,5;0,7;6,6;0,6;1,1;2,2;1,7
"Wassenaar";37,6;17,3;1,0;2,8;25,4;1,0;12,7;2,2;1,7;0,9;0,8;1,8;1,1;2,4;0,9;4,0;0,7;1,0;1,5;1,7
"Waterland";32,7;13,4;0,6;3,9;27,4;0,2;19,5;2,4;7,3;1,0;0,7;3,3;1,8;1,1;0,9;11,1;0,8;0,8;1,1;1,0
"Weert";36,6;15,0;1,5;0,3;27,5;0,3;18,0;0,7;2,7;0,9;0,7;2,4;0,8;1,8;0,8;2,7;0,7;1,4;1,2;2,2
"Weesp";31,4;10,2;5,8;0,5;26,3;0,7;23,0;2,0;1,2;0,7;0,8;1,0;0,7;2,5;0,6;1,3;0,5;1,1;2,7;1,5
"West Betuwe";39,8;15,5;1,9;0,4;24,6;0,8;15,3;1,7;"";1,4;"";"";1,4;0,6;1,2;"";1,0;1,4;0,7;""
"West Maas en Waal";42,4;16,3;0,0;0,8;21,2;1,5;16,0;1,8;4,5;1,3;0,8;4,5;1,7;0,7;1,4;11,9;0,8;1,8;0,8;2,1
"Westerkwartier";37,2;16,9;0,8;1,6;27,8;0,6;13,6;1,4;"";1,5;"";"";1,1;1,1;1,3;"";1,1;1,1;1,0;""
"Westerveld";39,6;18,6;1,4;0,6;28,2;0,1;9,5;1,9;13,7;2,2;1,4;6,6;1,5;0,6;1,4;11,8;1,2;1,0;0,6;3,1
"Westervoort";33,7;17,0;1,6;3,6;23,8;0,8;18,8;0,7;5,7;0,8;0,6;3,2;0,6;2,3;0,7;1,6;1,0;2,7;1,4;4,0
"Westerwolde";42,4;21,0;0,6;1,2;18,5;0,9;13,5;1,9;14,5;1,9;"";"";2,7;0,6;2,4;14,6;1,3;1,4;0,4;3,2
"Westland";35,6;14,3;0,4;1,4;28,3;1,9;16,6;1,5;3,2;0,8;0,7;2,0;0,7;2,2;0,7;9,7;0,7;0,9;2,4;1,5
"Weststellingwerf";37,6;15,8;0,9;0,5;25,7;0,8;16,8;1,9;12,6;1,9;0,8;4,9;1,2;1,4;1,2;5,4;1,0;1,7;1,3;2,9
"Westvoorne";43,0;14,9;0,7;2,6;20,5;0,4;17,2;0,8;7,3;1,1;0,9;5,9;2,7;0,0;1,0;29,1;0,8;1,5;0,6;1,3
"Wierden";34,9;17,2;1,6;0,0;29,5;0,3;16,1;0,4;5,8;1,2;0,9;2,7;1,1;0,9;1,2;2,7;0,9;1,3;1,2;1,7
"Wijchen";39,6;13,7;1,5;0,5;23,9;0,9;18,7;1,2;9,0;1,3;0,8;2,6;1,3;0,5;1,0;2,9;0,8;1,5;0,9;2,3
"Wijdemeren";39,3;17,5;1,7;0,4;22,7;0,6;17,0;0,9;7,5;1,2;0,8;4,3;1,0;1,5;1,0;6,2;0,8;2,1;1,4;1,5
"Wijk bij Duurstede";31,6;15,5;0,6;2,6;30,1;0,4;16,7;2,4;7,8;0,6;0,7;1,7;1,1;0,9;0,8;10,6;0,7;1,6;1,7;1,2
"Winterswijk";36,2;10,9;1,0;0,3;33,5;0,5;15,3;2,2;2,8;1,6;0,8;1,7;1,1;1,9;1,6;2,2;0,9;1,2;0,6;2,7
"Woensdrecht";41,0;19,0;1,2;1,2;15,9;1,1;17,8;2,8;10,9;0,9;0,7;4,8;0,7;1,4;0,8;11,1;0,7;1,4;0,7;1,0
"Woerden";30,1;11,9;2,6;0,3;34,8;0,8;17,9;1,6;3,2;1,1;0,6;2,2;0,7;1,1;0,8;3,4;0,8;1,7;1,8;1,7
"Wormerland";36,3;13,6;1,0;0,5;29,6;1,5;15,3;2,3;5,6;1,1;0,8;4,5;0,7;1,8;0,8;2,4;0,5;1,8;1,8;1,8
"Woudenberg";36,1;18,2;1,6;0,9;25,8;0,7;16,0;0,8;7,1;1,0;0,7;6,5;0,9;1,2;0,8;5,3;0,8;0,6;1,9;1,5
"Zaanstad";31,2;13,3;4,0;1,4;27,0;1,8;19,3;1,8;2,9;0,8;0,7;1,7;0,6;3,1;0,6;2,1;0,6;1,6;2,1;1,5
"Zaltbommel";38,6;15,9;1,5;0,2;26,0;1,3;15,6;1,0;5,5;1,2;0,7;3,2;2,2;0,4;1,8;5,7;1,1;1,5;1,0;1,7
"Zandvoort";25,9;17,0;2,6;1,4;24,5;3,5;23,2;2,0;7,8;0,7;0,8;1,5;0,8;1,0;0,8;1,0;0,4;1,9;1,4;0,9
"Zeewolde";33,7;15,8;0,9;1,3;31,2;0,5;15,8;1,0;13,0;1,9;1,2;2,4;1,4;1,8;1,3;13,7;1,5;1,9;1,6;2,2
"Zeist";32,9;13,1;1,8;2,2;30,4;1,0;17,5;1,1;3,1;0,9;0,6;1,7;0,8;2,0;0,7;3,9;0,7;1,9;3,5;2,5
"Zevenaar";35,4;15,7;2,1;0,2;27,4;1,1;16,7;1,4;5,1;1,3;0,9;2,7;0,9;1,1;1,0;4,4;0,8;1,4;1,0;1,8
"Zoetermeer";36,1;16,1;1,5;4,6;19,3;1,0;19,8;1,7;3,4;0,8;0,6;1,9;0,5;3,2;0,5;3,4;0,7;2,1;2,8;2,3
"Zoeterwoude";33,7;16,5;2,4;2,0;27,9;1,8;14,4;1,4;5,6;0,7;0,7;3,5;0,7;1,6;0,8;4,1;0,7;1,0;1,3;3,7
"Zuidplas";34,3;15,5;1,7;1,5;26,1;1,0;17,8;2,1;3,5;0,9;0,9;3,2;1,3;0,7;0,7;3,4;0,7;1,7;1,8;1,6
"Zundert";39,8;15,8;0,9;1,3;22,1;0,6;18,8;0,7;12,0;2,3;1,2;3,8;1,3;0,7;2,1;12,9;1,3;1,2;0,5;2,1
"Zutphen";30,8;10,3;3,1;0,4;35,2;1,1;17,8;1,2;2,7;0,9;0,6;1,2;0,6;2,1;0,6;2,5;0,6;0,9;2,2;2,0
"Zwartewaterland";30,9;13,9;0,3;0,8;35,2;0,8;15,8;2,2;13,5;0,9;0,6;4,3;0,9;1,7;0,9;12,6;0,7;1,0;1,4;1,2
"Zwijndrecht";35,7;15,0;1,5;0,8;23,2;1,2;21,4;1,2;2,8;0,7;0,5;1,2;0,4;3,4;0,5;2,0;0,6;1,7;2,7;1,7
"Zwolle";27,6;12,5;4,0;1,3;37,1;0,8;14,8;1,8;4,5;0,9;0,6;1,7;0,5;3,6;0,6;3,6;0,6;2,0;3,1;2,6
