Municipalities,Avg. PI. per person by household position | 2011,Avg. PI. per person by household position | 2012,Avg. PI. per person by household position | 2013,Avg. PI. per person by household position | 2014,Avg. PI. per person by household position | 2015,Avg. PI. per person by household position | 2016,Avg. PI. per person by household position | 2017,Avg. PI. per person by household position | 2018,Avg. PI. per person by household position | 2011.1,Avg. PI. per person by household position | 2012.1,Avg. PI. per person by household position | 2013.1,Avg. PI. per person by household position | 2014.1,Avg. PI. per person by household position | 2015.1,Avg. PI. per person by household position | 2016.1,Avg. PI. per person by household position | 2017.1,Avg. PI. per person by household position | 2018.1,Franchisees with large debt | 2011,Franchisees with large debt | 2012,Franchisees with large debt | 2013,Franchisees with large debt | 2014,Franchisees with large debt | 2015,Franchisees with large debt | 2016,Franchisees with large debt | 2017,Franchisees with large debt | 2018
Aa en Hunze,"36,6","37,1","37,0","38,2","38,2","38,8","39,8","39,1","20,3","20,7","21,2","21,8","22,1","22,8","23,4","23,9",,,,,,,"4,1","3,3"
Aalsmeer,"42,5","42,7","43,5","43,7","44,7","45,2","47,3","46,8","22,9","23,3","23,8","24,3","24,7","25,4","26,2","26,9",,,,,,,"1,9","1,4"
Aalten,"31,8","32,0","32,4","32,7","33,1","33,5","34,9","35,0","17,7","17,9","18,3","18,6","18,7","19,4","20,1","20,5",,,,,,,"1,7","1,3"
Achtkarspelen,"29,9","29,6","29,6","30,3","30,5","31,5","32,4","32,6","16,3","16,4","16,8","17,3","17,5","18,0","18,5","19,0",,,,,,,"2,5","2,0"
Alblasserdam,"37,9","38,3","39,0","39,3","39,6","40,3","41,2","41,3","18,2","18,5","19,0","19,3","19,6","20,2","20,8","21,3",,,,,,,"1,8","1,4"
Albrandswaard,"47,5","48,2","49,3","49,1","50,2","50,9","52,9","52,2","24,2","25,0","25,4","25,8","26,0","26,9","27,6","27,9",,,,,,,"1,6","1,3"
Alkmaar,"35,9","36,0","36,3","36,9","37,4","37,9","38,9","39,1","21,5","21,8","22,2","22,7","23,0","23,5","24,2","24,7",,,,,,,"1,3","1,2"
Almelo,"31,9","32,1","32,1","32,4","32,6","32,9","33,8","33,8","18,2","18,5","18,7","19,0","19,1","19,5","20,0","20,5",,,,,,,"1,5","1,3"
Almere,"36,8","36,9","37,2","37,8","37,9","38,5","39,2","39,6","22,8","23,0","23,4","23,7","24,0","24,4","25,0","25,6",,,,,,,"1,2","1,2"
Alphen aan den Rijn,"40,1","40,2","40,4","40,6","41,0","41,7","42,8","42,7","21,6","21,9","22,2","22,6","23,0","23,6","24,2","24,9",,,,,,,"1,8","1,4"
Alphen-Chaam,"36,7","36,8","37,8","38,0","38,9","40,1","42,4","41,6","19,6","20,0","20,6","21,2","21,5","22,3","23,3","23,6",,,,,,,"0,8","1,2"
Altena,"38,6","38,6","39,2","39,5","40,6","40,8","42,7","42,1","18,1","18,4","18,7","19,2","19,6","20,0","20,7","21,2",,,,,,,"2,9","2,6"
Ameland,"30,3","30,4","31,0","31,3","31,9","32,3","33,9",?,"17,3","17,9","18,3","18,4","19,3","20,0","20,9",?,,,,,,,"6,6","3,6"
Amersfoort,"40,3","40,6","40,9","41,7","42,1","42,7","43,7","44,0","24,0","24,3","24,7","25,2","25,7","26,4","27,2","27,8",,,,,,,"1,4","1,2"
Amstelveen,"47,1","47,5","47,9","48,8","50,7","51,9","54,4","53,5","26,9","27,6","27,9","28,6","29,3","30,4","31,5","32,1",,,,,,,"1,6","1,3"
Amsterdam,"35,5","35,8","36,6","37,4","39,0","39,6","41,5","42,1","26,0","26,3","26,8","27,4","28,0","28,9","29,9","30,8",,,,,,,"0,8","0,8"
Apeldoorn,"37,1","37,3","37,6","38,2","38,4","39,1","40,0","39,9","20,6","20,9","21,2","21,7","22,0","22,6","23,1","23,5",,,,,,,"1,9","1,5"
Appingedam,"32,3","32,2","32,6","33,0","33,3","33,6","34,0","34,3","17,8","18,0","18,4","18,7","18,8","19,4","19,6","20,2",,,,,,,"1,9","2,3"
Arnhem,"33,1","33,4","33,7","34,1","34,3","35,0","35,6","35,9","21,8","22,1","22,5","22,8","23,2","23,7","24,2","24,8",,,,,,,"1,3","1,1"
Assen,"34,6","34,7","34,9","35,6","35,7","36,7","36,8","36,6","20,5","20,9","21,2","21,6","22,1","22,7","23,1","23,6",,,,,,,"1,9","1,8"
Asten,"34,7","35,0","35,1","35,6","35,8","36,9","38,3","38,0","18,5","18,6","19,2","19,5","20,1","20,7","21,4","22,0",,,,,,,"2,9","2,7"
Baarle-Nassau,"33,9","33,9","34,5","34,8","35,9","36,4","37,7","39,6","19,2","19,6","19,8","20,3","20,7","21,7","22,0","24,0",,,,,,,"3,3","2,3"
Baarn,"45,0","44,5","44,9","46,3","47,5","48,4","50,2","49,9","23,5","24,0","24,4","25,3","25,7","26,5","27,5","28,2",,,,,,,"1,8","1,8"
Barendrecht,"45,5","45,9","46,6","47,1","47,4","48,2","49,8","49,0","23,1","23,4","23,8","24,3","24,9","25,5","26,2","26,6",,,,,,,"1,6","1,7"
Barneveld,"36,7","36,8","37,3","38,2","38,7","39,6","41,8","41,5","17,5","18,0","18,2","18,5","19,0","19,4","20,2","20,6",,,,,,,"2,0","1,6"
Beek,"36,8","37,1","37,4","37,8","38,6","38,8","39,9","40,0","20,0","20,3","20,8","21,1","21,6","22,2","22,7","23,3",,,,,,,"1,1","1,5"
Beekdaelen,"35,8","35,9","36,4","36,9","37,8","38,1","39,6","39,8","19,9","20,3","20,6","21,1","21,6","22,2","22,9","23,5",,,,,,,"2,3","2,1"
Beemster,"41,7","41,5","40,9","41,5","42,8","44,0","47,2","45,2","21,6","22,1","22,4","23,3","23,7","24,6","25,9","26,7",,,,,,,"3,0","2,9"
Beesel,"32,8","33,1","33,3","34,4","34,6","35,4","36,8","36,6","17,7","17,9","18,1","18,2","18,6","19,0","19,8","20,1",,,,,,,"2,8","2,4"
Berg en Dal,"34,7","34,8","35,0","35,3","35,8","36,2","38,3","37,7","19,7","20,2","20,7","21,2","21,6","22,2","22,9","23,5",,,,,,,"1,3","1,3"
Bergeijk,"36,8","36,9","37,2","37,5","38,1","39,3","41,4","40,8","18,4","18,7","19,0","19,3","19,7","20,6","21,4","22,2",,,,,,,"2,8","1,9"
Bergen (L.),"31,9","32,2","32,4","32,7","33,5","33,9","35,8","35,8","17,3","17,7","18,0","18,3","18,6","19,2","20,6","20,6",,,,,,,"2,8","2,7"
Bergen (NH.),"43,3","43,4","43,7","44,6","44,8","45,9","50,3","47,9","21,6","21,9","22,4","22,9","23,3","24,1","25,6","25,5",,,,,,,"2,2","2,2"
Bergen op Zoom,"36,5","36,7","37,2","38,3","40,5","38,3","39,4","39,4","19,8","20,0","20,3","20,7","21,2","21,6","22,2","22,7",,,,,,,"2,1","2,0"
Berkelland,"33,1","33,4","33,5","33,7","33,8","34,7","35,9","36,2","18,4","18,7","19,0","19,3","19,4","19,9","20,7","21,2",,,,,,,"2,0","1,6"
Bernheze,"36,4","37,1","37,0","37,7","38,0","38,5","40,9","40,2","18,9","19,1","19,5","20,0","20,4","21,2","22,0","22,3",,,,,,,"2,6","2,0"
Best,"41,2","41,9","42,1","43,0","43,3","43,9","45,3","45,0","20,2","20,9","21,1","21,7","22,2","22,8","23,3","23,9",,,,,,,"1,8","1,6"
Beuningen,"38,0","37,9","38,4","39,0","39,3","40,0","41,2","41,2","20,3","20,8","21,1","21,6","22,1","22,9","23,6","24,0",,,,,,,"2,9","2,3"
Beverwijk,"36,5","36,2","36,3","36,8","37,0","37,5","38,6","38,9","20,5","20,8","21,2","21,6","21,8","22,4","23,1","23,6",,,,,,,"1,3","1,3"
Bladel,"35,6","36,3","36,9","36,9","37,5","38,1","39,8","39,4","18,8","19,3","19,5","19,6","20,2","20,7","21,4","22,1",,,,,,,"1,7","0,9"
Blaricum,"68,4","68,0","66,8","69,7","72,7","72,9","82,3","72,8","26,7","26,8","27,7","29,0","29,3","30,2","31,6","32,3",,,,,,,"3,5","2,9"
Bloemendaal,"69,3","68,8","70,8","73,6","74,9","75,7","86,6","76,9","28,8","29,5","30,2","30,9","32,3","33,5","35,6","35,4",,,,,,,"2,8","2,1"
Bodegraven-Reeuwijk,"42,9","42,3","43,0","43,7","44,4","44,3","47,1","45,5","20,8","21,1","21,6","21,9","22,2","22,8","23,9","24,2",,,,,,,"2,2","1,7"
Boekel,"32,8","33,6","33,5","33,0","34,9","35,7","37,5","37,6","17,3","17,9","18,2","18,2","18,7","19,6","20,6","21,1",,,,,,,"2,8","2,5"
Borger-Odoorn,"32,8","33,0","33,3","33,7","34,0","34,8","35,5","35,7","18,4","18,7","19,2","19,5","19,7","20,6","21,2","21,5",,,,,,,"3,1","2,5"
Borne,"36,8","37,5","37,7","38,3","38,5","38,8","39,9","40,6","19,7","20,1","20,5","20,9","21,2","21,9","22,8","23,4",,,,,,,"0,9","1,1"
Borsele,"36,6","36,8","37,5","37,9","37,9","38,8","39,8","39,8","18,7","19,2","19,4","19,6","20,0","20,5","20,8","21,7",,,,,,,"2,0","1,7"
Boxmeer,"35,6","36,0","36,4","36,7","36,7","36,9","38,4","38,3","19,5","19,9","20,4","20,5","20,9","21,5","22,0","22,6",,,,,,,"2,1","2,2"
Boxtel,"36,7","36,9","37,1","37,5","38,4","38,8","40,0","40,0","19,8","20,1","20,3","20,6","21,0","21,6","22,2","22,7",,,,,,,"2,0","2,0"
Breda,"38,3","38,6","39,1","39,7","40,4","40,9","42,7","42,2","22,0","22,3","22,8","23,3","23,7","24,4","25,1","25,8",,,,,,,"1,2","1,3"
Brielle,"43,6","44,7","45,9","46,4","47,2","47,7","49,4","48,8","21,2","21,5","22,2","22,7","23,1","23,4","24,3","25,0",,,,,,,"2,7","2,5"
Bronckhorst,"37,5","35,2","36,2","36,6","36,0","36,5","38,6","38,1","18,7","19,0","19,4","19,9","20,2","20,9","21,8","22,1",,,,,,,"2,4","1,7"
Brummen,"36,6","36,7","37,1","37,5","37,7","38,0","39,5","39,4","18,9","19,2","19,7","20,1","20,5","21,0","21,5","22,0",,,,,,,"1,5","1,7"
Brunssum,"30,9","31,3","31,7","32,1","32,5","33,3","33,8","34,2","18,3","18,6","18,8","19,2","19,5","20,0","20,5","20,8",,,,,,,"1,6","1,7"
Bunnik,"43,5","44,0","45,1","46,7","45,9","48,2","48,8","47,6","25,0","25,5","26,1","26,6","27,3","28,1","29,1","29,6",,,,,,,"1,0","1,6"
Bunschoten,"38,4","38,0","38,3","38,7","38,9","39,6","41,1","41,6","17,9","18,1","18,5","18,9","19,4","19,9","20,7","21,2",,,,,,,"1,3","1,7"
Buren,"39,1","39,3","39,4","39,9","40,3","41,1","43,0","42,8","20,5","20,6","20,8","21,3","21,7","22,4","23,3","23,9",,,,,,,"2,2","1,9"
Capelle aan den IJssel,"38,5","38,6","38,7","39,0","39,1","39,3","40,6","40,3","22,5","22,7","22,9","23,3","23,4","24,0","24,5","25,0",,,,,,,"2,3","2,0"
Castricum,"43,5","43,2","43,9","44,6","45,1","45,4","48,0","46,6","21,8","22,0","22,5","23,0","23,5","24,2","25,0","25,9",,,,,,,"1,3","1,4"
Coevorden,"33,6","33,9","34,3","34,8","34,7","35,8","37,2","36,6","18,1","18,6","19,0","19,4","19,6","20,0","20,7","21,0",,,,,,,"1,8","1,6"
Cranendonck,"36,3","36,6","36,8","37,3","37,3","38,1","40,0","40,1","18,9","19,1","19,6","20,0","20,3","20,8","21,4","22,0",,,,,,,"1,5","1,7"
Cuijk,"34,0","34,1","34,5","34,9","35,4","35,9","37,0","37,2","19,1","19,3","19,5","19,9","20,1","20,8","21,4","21,9",,,,,,,"2,2","1,8"
Culemborg,"38,0","38,7","38,8","39,0","39,4","40,3","41,9","42,1","21,5","21,8","22,2","22,6","22,9","23,6","24,3","24,9",,,,,,,"2,3","1,7"
Dalfsen,"35,2","35,3","35,6","35,8","36,1","37,3","39,5","39,3","18,3","18,6","18,9","19,3","19,8","20,6","21,2","22,0",,,,,,,"2,8","2,2"
Dantumadiel,"29,8","29,6","29,7","30,2","30,6","31,6","32,2","32,9","16,3","16,4","16,9","17,2","17,6","18,1","18,3","18,7",,,,,,,"2,8","2,7"
De Bilt,"49,9","49,5","50,0","50,8","51,6","51,7","54,2","52,9","26,0","26,5","26,9","27,7","28,6","29,5","30,6","31,0",,,,,,,"2,2","1,8"
De Fryske Marren,"33,6","33,8","34,0","34,9","34,9","35,5","37,0","37,3","18,2","18,4","18,8","19,2","19,5","20,1","20,7","21,2",,,,,,,"4,2","3,8"
De Ronde Venen,"45,3","45,0","45,5","46,7","46,8","47,6","50,9","48,5","23,5","23,8","24,1","24,8","25,4","26,1","27,1","27,9",,,,,,,"2,1","1,8"
De Wolden,"35,3","35,1","35,4","36,0","36,0","36,7","38,6","39,0","18,9","19,3","19,6","20,1","20,5","21,1","21,8","22,6",,,,,,,"2,2","2,2"
Delft,"32,0","32,0","32,0","32,3","32,2","33,1","34,4","34,4","22,5","22,7","22,9","23,3","23,6","24,2","24,8","25,2",,,,,,,"1,1","0,9"
Delfzijl,"32,2","32,3","32,9","33,0","33,5","33,4","34,4","35,1","17,4","17,6","17,9","18,2","18,3","18,7","19,2","19,8",,,,,,,"3,7","4,2"
Den Haag,"36,1","36,1","36,4","37,1","37,6","38,3","39,7","39,7","24,3","24,5","24,9","25,4","25,6","26,2","26,9","27,4",,,,,,,"0,9","0,9"
Den Helder,"33,6","33,9","34,0","34,9","35,5","35,8","36,4","36,7","18,7","18,9","19,2","19,6","19,8","20,2","20,7","21,3",,,,,,,"2,1","1,7"
Deurne,"33,9","34,4","34,6","34,8","34,9","36,4","37,8","38,2","18,0","18,4","18,8","19,0","19,4","20,2","21,0","21,5",,,,,,,"2,7","2,7"
Deventer,"34,4","34,6","34,8","35,2","35,6","36,0","36,7","37,0","20,8","21,0","21,5","21,9","22,2","22,8","23,3","23,8",,,,,,,"1,5","1,6"
Diemen,"36,0","35,8","35,9","35,9","35,8","36,9","37,7","38,5","24,4","24,7","24,9","25,0","25,4","26,3","26,9","28,0",,,,,,,"1,5","1,4"
Dinkelland,"33,3","33,5","34,1","34,4","34,7","35,7","37,6","37,1","18,1","18,5","19,0","19,3","19,6","20,2","21,3","21,6",,,,,,,"1,0","1,1"
Doesburg,"33,4","33,2","33,2","33,6","33,3","34,3","35,6","36,2","19,4","19,7","19,8","20,1","20,0","20,4","20,9","21,4",,,,,,,"2,4","2,4"
Doetinchem,"34,6","34,7","35,3","35,7","35,7","36,0","37,1","37,1","19,3","19,6","19,9","20,4","20,6","21,1","21,6","22,0",,,,,,,"2,4","1,8"
Dongen,"36,6","37,0","37,3","37,6","37,7","38,6","39,9","39,9","19,2","19,7","20,0","20,3","20,8","21,5","22,2","22,8",,,,,,,"1,3","1,3"
Dordrecht,"35,9","36,2","36,8","37,1","37,3","37,7","38,9","38,9","20,7","20,9","21,2","21,6","21,8","22,4","22,9","23,4",,,,,,,"1,4","1,1"
Drechterland,"36,4","36,3","36,8","36,9","37,3","38,5","40,1","39,3","19,0","19,3","19,6","20,0","20,3","20,9","21,6","21,9",,,,,,,"1,6","1,4"
Drimmelen,"38,4","38,5","39,0","39,2","40,3","40,9","42,1","41,8","19,6","19,9","20,4","20,7","21,2","21,9","22,5","23,1",,,,,,,"1,8","2,1"
Dronten,"36,2","35,4","36,2","36,7","36,6","37,5","38,3","38,7","18,8","19,1","19,6","20,1","20,3","20,9","21,4","22,2",,,,,,,"2,7","2,5"
Druten,"35,9","36,3","36,4","36,9","37,2","38,2","39,1","39,5","19,8","20,0","20,6","20,8","21,2","21,8","22,4","23,0",,,,,,,"2,8","2,2"
Duiven,"37,5","37,8","37,8","38,4","38,6","39,0","40,1","40,0","19,8","20,0","20,3","20,9","21,3","21,6","22,1","22,8",,,,,,,"1,4","1,7"
Echt-Susteren,"34,3","34,4","35,0","35,4","36,2","36,9","37,7","38,2","19,6","19,7","20,1","20,3","20,9","21,6","22,5","22,9",,,,,,,"2,2","1,8"
Edam-Volendam,"41,2","40,9","41,0","41,3","42,3","42,9","44,6","44,9","19,4","19,7","19,9","20,3","20,7","21,3","22,0","22,4",,,,,,,"1,4","1,1"
Ede,"37,0","37,3","37,3","38,0","38,4","39,1","40,8","40,5","19,6","19,9","20,2","20,6","20,9","21,5","22,1","22,6",,,,,,,"3,0","2,4"
Eemnes,"42,6","43,3","43,5","44,2","44,9","44,6","46,7","45,9","21,7","22,1","22,5","22,9","23,4","24,2","25,4","25,8",,,,,,,"1,9","1,6"
Eersel,"38,5","39,1","39,8","40,4","40,8","41,5","44,4","44,0","19,7","20,0","20,6","21,1","21,7","22,5","23,4","24,1",,,,,,,"1,7","1,6"
Eijsden-Margraten,"37,3","37,5","38,1","38,9","38,8","39,9","41,4","41,6","20,5","20,8","21,4","22,1","22,7","23,4","24,2","25,1",,,,,,,"2,2","1,6"
Eindhoven,"35,1","35,3","36,1","36,9","37,3","38,0","40,4","39,3","21,4","21,7","22,1","22,6","23,0","23,6","24,3","25,0",,,,,,,"1,2","1,0"
Elburg,"35,2","35,3","35,5","35,9","36,5","37,3","37,8","38,2","17,2","17,5","17,7","18,0","18,5","18,7","19,2","19,6",,,,,,,"2,5","1,7"
Emmen,"31,4","31,5","31,7","32,2","32,3","33,0","33,8","33,9","17,6","17,8","18,2","18,7","18,9","19,3","19,6","20,1",,,,,,,"1,8","1,6"
Enkhuizen,"34,2","34,7","34,6","34,9","35,5","36,2","37,3","37,4","19,2","19,7","19,9","20,6","20,7","21,3","21,8","22,2",,,,,,,"1,5","1,6"
Enschede,"29,7","29,8","29,8","30,3","30,6","31,4","32,1","32,2","18,6","18,8","19,1","19,6","19,8","20,2","20,7","21,1",,,,,,,"1,5","1,4"
Epe,"36,4","36,6","37,1","37,6","37,9","38,4","39,9","39,5","18,3","18,7","19,1","19,5","19,8","20,3","20,9","21,5",,,,,,,"2,0","2,3"
Ermelo,"37,7","37,7","37,8","39,0","39,8","40,0","42,0","41,8","19,9","20,3","20,6","21,0","21,3","21,9","22,4","22,8",,,,,,,"2,2","2,0"
Etten-Leur,"37,6","37,7","38,5","39,3","39,6","40,2","41,4","41,4","19,9","20,0","20,4","21,0","21,3","21,9","22,4","23,1",,,,,,,"1,0","1,2"
Geertruidenberg,"37,9","38,1","38,2","38,6","39,6","39,8","41,1","40,8","19,1","19,4","19,7","20,1","20,6","21,2","21,9","22,3",,,,,,,"1,9","1,3"
Geldrop-Mierlo,"37,7","38,1","38,8","39,3","39,3","40,2","41,2","41,3","20,2","20,7","20,8","21,2","21,5","21,9","22,6","23,2",,,,,,,"1,5","1,3"
Gemert-Bakel,"33,5","33,9","34,2","34,8","35,0","36,3","38,2","38,0","18,2","18,7","18,9","19,4","19,5","20,3","21,1","21,5",,,,,,,"3,2","3,0"
Gennep,"33,7","34,3","34,1","34,6","35,2","35,5","36,2","36,7","19,6","19,7","19,9","20,2","20,7","21,2","21,6","22,2",,,,,,,"2,0","2,1"
Gilze en Rijen,"35,0","35,5","36,0","36,1","36,7","37,2","38,9","39,3","19,6","19,9","20,3","20,6","21,0","21,5","22,2","23,0",,,,,,,"1,8","1,4"
Goeree-Overflakkee,"39,0","39,5","40,3","40,4","41,4","42,4","43,7","43,4","18,6","19,0","19,3","19,8","20,0","20,6","21,2","21,7",,,,,,,"2,7","2,7"
Goes,"36,3","36,8","37,1","37,8","38,1","38,7","39,8","39,5","19,8","20,0","20,4","21,0","21,2","21,7","22,2","22,8",,,,,,,"2,5","2,4"
Goirle,"39,3","39,2","39,6","40,0","39,9","40,9","42,1","41,8","21,0","21,5","21,9","22,5","22,9","23,6","24,0","24,7",,,,,,,"3,4","2,7"
Gooise Meren,"55,2","54,9","55,8","58,8","59,1","60,4","63,1","61,5","27,4","27,9","28,6","29,6","30,7","31,7","32,8","33,2",,,,,,,"1,6","1,5"
Gorinchem,"37,1","37,2","37,9","37,9","38,7","39,2","40,8","40,5","20,7","21,1","21,4","21,7","22,1","22,5","23,2","23,5",,,,,,,"1,2","1,2"
Gouda,"38,0","38,0","38,3","38,5","39,0","39,7","40,4","40,5","21,8","22,1","22,4","22,7","23,0","23,6","24,2","24,7",,,,,,,"1,0","0,9"
Grave,"34,6","35,0","35,1","35,9","36,3","37,3","38,0","38,6","20,2","20,4","20,5","21,1","21,6","21,9","22,5","23,3",,,,,,,"0,8","0,3"
Groningen,"29,8","29,9","30,0","30,3","30,7","31,6","32,2","32,7","21,0","21,3","21,7","22,2","22,6","23,3","23,9","24,5",,,,,,,"1,2","1,2"
Gulpen-Wittem,"34,1","34,0","34,6","35,1","35,8","36,6","37,4","37,1","19,7","19,9","20,6","21,3","21,5","22,3","22,7","23,3",,,,,,,"1,7","2,2"
Haaksbergen,"34,2","34,4","34,6","34,8","34,9","35,9","37,3","37,3","18,6","18,8","19,0","19,4","19,8","20,5","21,2","21,6",,,,,,,"2,9","2,1"
Haaren,"39,7","40,1","40,2","41,1","41,3","42,6","44,4","44,1","19,9","20,1","20,7","20,5","21,6","22,4","23,4","23,9",,,,,,,"2,8","2,0"
Haarlem,"38,1","38,3","38,8","39,6","40,7","41,3","42,7","43,5","24,8","25,3","25,7","26,3","26,9","27,7","28,5","29,3",,,,,,,"1,1","0,9"
Haarlemmermeer,"42,2","42,3","42,7","43,4","43,7","44,2","45,5","45,1","23,7","24,0","24,3","24,8","25,3","26,0","26,6","27,2",,,,,,,"1,7","1,5"
Halderberge,"37,1","37,4","37,8","38,3","38,9","39,1","40,5","40,3","18,6","18,9","19,4","19,7","20,2","20,6","21,3","21,8",,,,,,,"2,0","1,5"
Hardenberg,"32,0","32,2","32,5","33,1","33,2","33,9","35,3","35,7","16,9","17,2","17,7","18,2","18,5","19,0","19,6","20,2",,,,,,,"2,7","2,2"
Harderwijk,"36,4","36,5","36,9","37,4","37,8","38,0","38,8","39,1","20,1","20,4","20,6","21,0","21,4","22,0","22,5","23,1",,,,,,,"2,8","2,1"
Hardinxveld-Giessendam,"38,4","38,4","38,4","38,7","39,2","40,4","41,2","41,4","17,5","17,6","17,9","18,2","18,5","18,8","19,2","19,8",,,,,,,"1,0","0,8"
Harlingen,"32,0","32,1","32,2","32,1","32,3","33,1","33,8","34,0","17,7","17,9","18,2","18,7","19,0","19,5","19,7","20,1",,,,,,,"3,8","3,3"
Hattem,"38,7","39,1","39,8","40,0","40,3","40,9","43,3","43,9","19,6","19,9","20,3","20,7","21,4","22,2","22,7","23,7",,,,,,,"2,0","2,9"
Heemskerk,"37,9","37,8","38,3","39,0","40,0","40,2","41,6","41,3","20,0","20,3","20,7","21,2","21,6","22,2","22,7","23,4",,,,,,,"1,2","1,4"
Heemstede,"58,2","58,5","59,2","61,5","63,6","64,3","67,6","65,2","28,0","28,7","29,2","30,0","31,3","32,2","33,4","34,1",,,,,,,"2,0","2,3"
Heerde,"36,0","36,1","36,4","37,1","37,3","38,2","39,7","39,5","18,1","18,4","18,9","19,2","19,7","20,1","20,7","21,5",,,,,,,"2,6","1,8"
Heerenveen,"34,1","34,2","36,1","34,9","35,1","35,6","36,9","37,1","19,5","19,9","20,4","20,9","21,1","21,8","22,3","22,9",,,,,,,"3,3","2,9"
Heerhugowaard,"37,4","37,3","37,5","37,7","38,1","38,4","39,6","39,7","19,8","20,1","20,4","20,8","21,0","21,5","22,2","22,7",,,,,,,"1,8","1,6"
Heerlen,"30,3","32,4","30,6","30,8","31,3","31,8","32,7","32,7","19,1","19,4","19,8","20,1","20,3","20,7","21,3","21,8",,,,,,,"1,4","1,3"
Heeze-Leende,"41,5","41,3","42,0","43,3","43,4","44,3","46,2","45,9","20,8","21,2","21,6","22,1","22,6","23,6","24,5","25,0",,,,,,,"1,6","1,2"
Heiloo,"45,1","44,9","45,4","45,8","46,9","47,1","47,9","47,4","22,1","22,1","22,6","23,1","23,8","24,7","25,5","26,5",,,,,,,"2,2","1,5"
Hellendoorn,"33,8","33,8","34,2","34,3","35,0","35,8","37,2","37,4","17,6","18,0","18,4","18,8","19,0","19,5","20,5","21,0",,,,,,,"2,6","1,8"
Hellevoetsluis,"42,3","42,7","43,9","44,1","44,7","45,4","46,0","46,0","20,0","20,3","20,6","20,8","21,1","21,4","21,9","22,5",,,,,,,"2,3","2,2"
Helmond,"35,2","35,4","35,6","35,8","36,0","36,9","37,7","37,9","19,3","19,5","19,8","20,1","20,3","20,8","21,5","22,0",,,,,,,"2,3","2,3"
Hendrik-Ido-Ambacht,"42,1","42,4","42,8","43,2","44,2","45,3","46,9","46,8","20,7","21,0","21,4","22,1","22,6","23,1","23,5","24,2",,,,,,,"4,3","2,9"
Hengelo,"33,9","34,3","34,5","34,8","35,2","35,7","36,5","36,6","19,6","20,0","20,3","20,6","20,9","21,4","21,9","22,3",,,,,,,"1,8","1,7"
Het Hogeland,"31,8","31,5","32,3","32,5","32,6","33,5","34,0","34,2","18,6","18,9","19,3","19,6","19,8","20,4","20,9","21,4",,,,,,,"2,2","1,8"
Heumen,"41,1","41,2","41,6","42,5","42,8","43,6","45,6","44,5","22,3","22,8","23,3","23,8","24,3","24,8","25,8","26,2",,,,,,,"2,8","2,4"
Heusden,"37,7","37,9","38,2","38,7","39,1","39,7","41,6","41,5","19,2","19,4","19,8","20,2","20,7","21,3","22,2","22,6",,,,,,,"1,8","1,5"
Hillegom,"38,6","38,5","38,9","39,5","40,1","40,8","42,0","41,5","21,0","21,4","22,0","22,3","22,6","23,2","23,9","24,7",,,,,,,"1,0","1,4"
Hilvarenbeek,"37,4","37,7","38,3","38,5","39,1","40,3","42,8","41,5","19,7","20,0","20,4","20,9","21,2","22,2","23,3","23,8",,,,,,,"2,0","2,0"
Hilversum,"41,7","41,9","42,1","43,4","44,4","44,9","47,1","46,4","24,5","25,0","25,4","26,1","26,8","27,2","28,1","28,8",,,,,,,"0,9","1,0"
Hoeksche Waard,"42,2","42,5","43,1","43,4","43,8","44,3","46,5","45,5","20,3","20,7","21,0","21,4","21,8","22,5","23,3","23,7",,,,,,,"2,0","1,6"
Hof van Twente,"35,5","35,3","35,9","36,4","36,4","36,9","38,7","38,3","19,1","19,2","19,6","20,2","20,4","20,9","21,6","22,1",,,,,,,"2,7","2,3"
Hollands Kroon,"35,0","34,7","35,5","35,6","36,1","37,1","38,1","37,6","18,4","18,4","18,8","19,1","19,5","20,0","20,7","21,2",,,,,,,"3,1","2,4"
Hoogeveen,"31,8","31,6","32,1","32,3","32,6","33,0","34,0","34,4","17,3","17,5","17,9","18,3","18,5","18,9","19,5","20,0",,,,,,,"1,6","1,4"
Hoorn,"36,3","36,4","36,5","36,9","37,3","38,0","38,8","38,5","21,0","21,2","21,6","21,9","22,2","22,7","23,2","23,7",,,,,,,"1,2","1,2"
Horst aan de Maas,"33,3","34,0","34,4","34,8","35,4","36,0","37,5","37,4","18,1","18,7","19,0","19,4","19,9","20,5","21,2","21,5",,,,,,,"2,7","2,1"
Houten,"45,1","45,3","46,1","46,7","47,6","48,6","49,6","49,1","24,6","25,0","25,6","26,1","26,8","27,6","28,0","28,4",,,,,,,"1,1","1,1"
Huizen,"42,6","42,8","43,0","43,7","44,2","44,9","46,7","45,4","23,0","23,3","23,7","24,1","24,7","25,5","25,9","26,5",,,,,,,"1,4","1,4"
Hulst,"37,3","36,9","37,8","38,7","38,6","39,3","41,2","41,2","18,9","19,3","19,6","19,9","20,5","20,8","21,5","21,9",,,,,,,"1,2","1,5"
IJsselstein,"41,7","42,1","42,2","42,9","43,2","43,7","45,0","44,5","23,0","23,5","23,7","24,1","24,4","25,1","25,7","26,0",,,,,,,"1,5","1,2"
Kaag en Braassem,"39,3","39,2","39,5","40,2","40,5","41,4","43,2","42,6","20,7","21,3","21,7","22,0","22,7","23,6","24,4","24,8",,,,,,,"2,5","2,0"
Kampen,"32,8","33,1","33,1","33,8","34,3","35,0","36,2","36,5","17,3","17,6","18,0","18,3","18,6","19,0","19,7","20,2",,,,,,,"2,8","2,3"
Kapelle,"38,5","39,4","40,3","40,5","41,0","40,9","42,4","42,3","18,7","19,1","19,4","19,6","20,1","20,4","21,1","21,6",,,,,,,"2,5","2,6"
Katwijk,"37,3","37,7","38,1","39,5","39,6","40,0","41,3","41,5","18,0","18,3","18,7","19,1","19,4","20,2","20,7","21,4",,,,,,,"2,1","1,6"
Kerkrade,"29,8","29,9","29,9","30,3","30,7","31,5","31,8","32,2","18,3","18,6","18,9","19,2","19,4","19,9","20,5","20,9",,,,,,,"1,6","1,3"
Koggenland,"36,5","36,3","36,7","37,1","37,4","38,1","40,0","39,7","19,1","19,4","19,7","20,0","20,4","21,1","21,7","22,2",,,,,,,"1,6","1,4"
Krimpen aan den IJssel,"40,2","40,4","40,8","41,1","41,4","41,5","43,5","42,4","20,1","20,4","20,8","21,2","21,6","22,1","22,5","22,9",,,,,,,"2,5","2,3"
Krimpenerwaard,"39,9","39,7","40,0","40,4","40,7","41,2","43,3","42,8","19,4","19,6","20,0","20,5","21,0","21,4","22,0","22,7",,,,,,,"1,7","1,7"
Laarbeek,"35,6","35,7","36,0","36,3","36,5","37,9","39,5","39,1","18,6","18,9","19,2","19,7","20,1","20,7","21,5","22,2",,,,,,,"1,9","1,6"
Landerd,"34,0","34,5","34,5","34,8","35,0","36,9","38,8","38,7","18,7","19,0","19,0","19,6","20,0","20,8","21,6","22,0",,,,,,,"2,8","2,2"
Landgraaf,"32,5","32,6","33,0","33,4","33,9","34,6","34,9","35,4","19,1","19,5","19,8","20,3","20,6","21,0","21,6","22,1",,,,,,,"2,3","2,0"
Landsmeer,"43,5","43,9","43,6","44,1","44,4","46,2","48,2","46,6","24,9","25,5","26,2","26,5","26,9","28,3","29,0","29,8",,,,,,,"1,3","1,7"
Langedijk,"38,9","38,7","39,0","39,1","39,5","40,0","42,3","41,4","19,7","20,1","20,3","20,7","21,0","21,6","22,3","22,7",,,,,,,"1,9","1,6"
Lansingerland,"45,9","46,3","47,0","48,0","49,3","50,5","52,7","50,8","24,2","24,8","25,3","26,0","26,4","27,1","28,0","28,5",,,,,,,"1,6","1,1"
Laren,"68,7","66,9","70,9","74,3","71,1","71,1","80,7","72,7","26,9","27,8","29,1","31,0","31,0","32,3","33,7","34,1",,,,,,,"2,1","2,4"
Leeuwarden,"30,9","30,9","31,1","31,6","31,7","32,6","33,1","33,5","19,8","20,1","20,4","21,0","21,3","21,9","22,3","22,8",,,,,,,"1,8","1,6"
Leiden,"37,2","36,6","36,8","37,4","38,1","38,1","39,1","39,6","23,8","24,1","24,3","24,7","25,1","25,7","26,3","26,9",,,,,,,"1,0","0,8"
Leiderdorp,"43,0","43,2","43,4","43,7","44,4","44,6","45,7","45,3","23,8","24,1","24,6","25,4","25,7","26,2","26,9","27,8",,,,,,,"1,0","0,7"
Leidschendam-Voorburg,"43,4","44,1","44,1","45,4","46,0","46,4","48,3","47,3","26,1","26,5","27,0","27,8","28,2","28,9","29,6","30,2",,,,,,,"1,3","1,2"
Lelystad,"35,0","35,2","35,1","35,4","35,6","36,1","36,3","36,9","20,9","21,1","21,2","21,6","21,7","22,2","22,6","23,0",,,,,,,"1,9","1,8"
Leudal,"35,0","35,8","35,9","36,6","37,1","37,5","38,6","38,7","19,0","19,7","19,8","20,3","20,6","21,1","21,8","22,2",,,,,,,"2,3","1,6"
Leusden,"45,0","45,0","44,9","45,5","45,3","46,4","48,0","47,3","22,7","23,2","23,6","24,3","24,6","25,4","25,8","26,3",,,,,,,"1,9","1,3"
Lingewaard,"36,9","37,3","37,5","38,0","38,5","39,1","40,3","40,0","20,2","20,5","20,8","21,2","21,9","22,4","23,1","23,5",,,,,,,"2,5","2,3"
Lisse,"38,9","39,3","39,7","40,1","40,9","41,6","42,7","42,6","20,7","20,9","21,2","21,9","22,3","22,9","23,5","24,0",,,,,,,"2,2","2,0"
Lochem,"39,4","39,4","40,1","40,5","40,5","41,2","43,8","42,5","20,7","20,9","21,2","21,8","22,0","22,8","23,6","24,0",,,,,,,"2,3","2,3"
Loon op Zand,"36,8","37,0","37,3","37,4","37,9","38,5","40,3","39,9","19,2","19,5","20,0","20,2","20,7","21,2","21,9","22,4",,,,,,,"1,5","1,2"
Lopik,"37,2","37,2","38,2","37,9","38,2","38,9","42,0","41,0","19,4","19,8","20,1","20,6","20,5","21,9","22,1","22,6",,,,,,,"1,7","1,6"
Loppersum,"31,9","31,4","32,3","32,8","33,2","32,7","34,4","34,7","19,2","19,4","19,9","20,3","20,3","21,0","21,5","22,0",,,,,,,"3,4","2,6"
Losser,"33,2","33,5","33,4","34,0","34,7","35,1","36,2","36,3","17,7","18,0","18,4","18,9","19,1","19,6","20,3","20,5",,,,,,,"1,9","1,1"
Maasdriel,"37,2","37,2","37,6","37,6","38,2","39,0","40,9","40,5","19,5","20,0","20,2","20,5","21,2","21,7","22,4","22,8",,,,,,,"3,3","2,5"
Maasgouw,"35,8","35,9","36,2","37,2","37,6","37,7","39,5","39,4","19,8","20,0","20,3","20,8","21,3","21,8","22,5","23,0",,,,,,,"3,3","3,1"
Maassluis,"37,0","37,0","37,5","38,4","38,1","38,7","40,0","39,8","19,8","20,1","20,4","20,8","21,0","21,5","22,0","22,6",,,,,,,"1,2","0,9"
Maastricht,"32,3","32,6","32,8","33,4","33,6","34,2","35,5","35,7","19,8","20,1","20,5","20,8","21,1","21,8","22,3","23,0",,,,,,,"1,3","1,3"
Medemblik,"35,1","35,2","35,2","35,5","36,2","37,0","38,4","38,1","18,7","19,0","19,3","19,7","20,2","20,6","21,4","22,0",,,,,,,"1,3","1,2"
Meerssen,"39,0","39,2","39,7","40,8","41,2","41,6","43,4","42,5","21,3","21,5","22,1","22,6","23,0","23,7","24,5","24,9",,,,,,,"2,3","2,1"
Meierijstad,"36,0","36,3","36,6","36,9","37,2","38,3","40,6","40,0","18,9","19,3","19,6","19,9","20,2","20,9","21,7","22,2",,,,,,,"2,7","1,9"
Meppel,"34,9","35,2","35,3","36,0","36,4","37,5","37,9","38,1","19,9","20,2","20,7","21,1","21,4","22,0","22,5","23,2",,,,,,,"2,8","2,5"
Middelburg,"36,5","36,4","37,0","37,4","37,8","38,1","39,5","39,2","19,6","19,9","20,3","20,7","21,0","21,6","22,1","22,6",,,,,,,"1,6","1,8"
Midden-Delfland,"41,2","41,1","42,1","42,8","43,7","44,9","47,4","46,3","22,0","22,3","22,7","23,4","24,1","24,9","25,5","26,4",,,,,,,"2,0","2,5"
Midden-Drenthe,"33,6","34,0","34,4","34,9","34,6","35,9","37,0","37,0","19,0","19,5","19,7","20,2","20,6","21,2","22,0","22,5",,,,,,,"2,3","1,6"
Midden-Groningen,"31,9","31,7","32,1","32,7","32,9","33,2","33,7","34,2","18,6","18,9","19,3","19,7","20,0","20,4","20,8","21,4",,,,,,,"1,7","2,1"
Mill en Sint Hubert,"32,5","32,6","32,9","33,8","33,4","34,6","36,3","36,3","18,2","18,5","18,8","19,3","19,7","20,3","21,0","21,5",,,,,,,"4,4","3,8"
Moerdijk,"39,0","39,4","39,7","40,1","41,0","40,9","42,1","41,9","19,6","19,9","20,3","20,6","21,0","21,4","22,1","22,5",,,,,,,"1,8","1,6"
Molenlanden,"39,7","40,0","40,5","40,8","41,0","41,6","44,3","43,1","18,5","18,8","19,2","19,5","19,7","20,3","21,1","21,4",,,,,,,"1,8","1,4"
Montferland,"33,3","33,1","33,2","33,6","33,9","34,3","35,8","36,2","17,7","18,0","18,2","18,5","18,9","19,7","20,3","20,7",,,,,,,"1,2","1,2"
Montfoort,"40,8","40,9","41,5","41,5","41,8","42,5","44,8","44,2","21,1","21,3","21,8","22,0","22,5","23,2","23,7","24,5",,,,,,,"2,2","1,5"
Mook en Middelaar,"41,2","41,1","42,3","42,5","44,0","43,7","46,1","44,9","23,1","23,4","23,7","24,1","24,9","25,4","26,2","26,8",,,,,,,"1,5","1,9"
Neder-Betuwe,"35,0","35,3","35,2","35,5","36,1","36,9","38,9","38,6","16,8","17,0","17,4","17,8","18,1","18,4","19,2","19,4",,,,,,,"1,8","1,9"
Nederweert,"32,9","33,9","33,7","34,5","35,1","35,8","37,4","38,0","18,0","18,7","19,0","19,1","19,6","20,5","21,4","22,1",,,,,,,"2,1","1,9"
Nieuwegein,"37,2","37,4","37,4","37,6","38,0","38,4","39,1","39,3","22,5","22,7","23,1","23,4","23,7","24,1","24,5","25,0",,,,,,,"1,0","1,3"
Nieuwkoop,"39,3","38,6","39,1","40,2","40,7","41,2","43,5","43,2","20,2","20,4","20,8","21,5","21,9","22,7","23,5","24,1",,,,,,,"1,8","1,9"
Nijkerk,"38,7","39,0","39,4","39,5","40,1","40,3","41,6","42,2","19,3","19,6","19,9","20,2","20,6","21,2","21,8","22,4",,,,,,,"2,1","1,9"
Nijmegen,"32,0","32,3","32,6","32,9","33,0","33,7","34,6","34,9","21,5","21,8","22,1","22,5","22,9","23,6","24,2","24,9",,,,,,,"1,2","1,2"
Nissewaard,"39,3","39,8","40,5","40,5","40,9","41,4","42,2","42,6","20,1","20,4","20,7","21,1","21,2","21,6","22,2","22,7",,,,,,,"1,5","1,0"
Noardeast-Fryslân,"30,1","29,7","30,0","30,7","30,6","31,7","32,3","32,7","17,2","17,2","17,8","18,1","18,5","19,0","19,3","19,8",,,,,,,"2,7","2,6"
Noord-Beveland,"34,7","34,7","34,9","35,0","35,3","36,2","36,7","37,0","19,3","19,6","20,2","19,9","20,3","21,1","21,9","22,2",,,,,,,"2,4","3,6"
Noordenveld,"35,9","36,2","36,1","36,7","37,2","37,8","39,1","38,6","19,8","20,1","20,6","21,4","21,7","22,3","22,9","23,3",,,,,,,"2,8","2,3"
Noordoostpolder,"33,8","32,7","33,6","34,4","34,9","35,9","36,5","36,7","18,4","18,3","19,0","19,5","19,6","20,3","20,5","21,0",,,,,,,"3,6","3,3"
Noordwijk,"40,4","40,8","40,6","41,9","42,2","42,8","45,5","44,7","22,2","22,4","22,9","23,4","23,8","24,5","25,4","25,7",,,,,,,"2,5","2,3"
Nuenen c.a.,"44,3","44,4","45,4","46,2","46,6","47,3","49,7","49,0","21,4","21,8","22,3","22,9","23,3","24,0","24,9","25,2",,,,,,,"2,4","2,3"
Nunspeet,"36,0","36,4","36,3","36,8","37,5","38,3","40,1","40,3","17,6","17,9","18,2","18,6","18,9","19,4","20,0","20,4",,,,,,,"1,9","1,7"
Oegstgeest,"54,0","55,0","54,5","58,1","58,4","59,6","62,9","60,7","28,4","29,0","29,8","30,8","31,7","32,7","33,4","34,3",,,,,,,"2,2","1,7"
Oirschot,"36,6","37,9","37,8","38,9","39,3","40,2","42,6","41,8","19,5","20,1","20,3","20,8","21,2","21,7","22,9","23,7",,,,,,,"2,4","2,0"
Oisterwijk,"40,2","40,5","41,4","42,6","43,3","44,2","47,1","46,6","20,5","21,0","21,5","22,0","22,5","23,0","23,8","24,5",,,,,,,"3,1","3,3"
Oldambt,"30,7","30,7","30,9","30,9","31,0","31,5","32,2","32,6","17,8","18,0","18,3","18,8","18,9","19,4","19,9","20,3",,,,,,,"2,3","2,1"
Oldebroek,"33,9","34,1","34,4","34,8","35,5","36,1","37,3","37,8","16,4","16,9","17,1","17,2","17,7","18,0","18,5","19,0",,,,,,,"1,9","1,8"
Oldenzaal,"35,1","35,2","35,3","35,6","35,8","36,6","37,5","37,5","19,4","19,9","20,1","20,5","21,1","21,5","22,2","22,5",,,,,,,"2,2","1,8"
Olst-Wijhe,"34,3","34,3","34,9","35,4","35,7","36,8","37,3","37,4","19,3","19,7","20,0","20,4","20,8","21,5","22,2","22,9",,,,,,,"2,1","1,6"
Ommen,"34,3","33,9","34,6","35,1","35,0","35,1","37,7","37,4","17,9","18,3","18,7","19,1","19,4","20,0","20,9","21,4",,,,,,,"2,0","1,8"
Oost Gelre,"33,2","33,4","33,8","33,9","34,4","35,5","36,9","37,7","18,5","19,0","19,4","19,8","20,0","20,6","21,3","21,9",,,,,,,"1,8","1,9"
Oosterhout,"38,2","38,4","38,6","39,0","39,1","39,7","41,4","41,2","19,9","20,1","20,4","20,8","21,1","21,7","22,4","23,0",,,,,,,"2,3","2,1"
Ooststellingwerf,"30,8","30,8","30,9","31,7","31,7","32,6","33,6","33,7","17,9","18,2","18,6","19,1","19,4","20,1","20,7","21,2",,,,,,,"2,7","3,1"
Oostzaan,"40,1","40,5","40,8","41,5","42,2","42,6","43,9","43,6","22,7","22,9","23,1","23,9","24,4","25,3","26,1","26,6",,,,,,,"1,8","1,2"
Opmeer,"35,0","34,4","34,9","35,1","35,8","36,4","37,6","37,6","18,3","18,7","19,0","19,4","20,0","20,7","21,0","21,5",,,,,,,"2,1","1,9"
Opsterland,"33,0","33,0","33,0","33,8","34,0","34,7","35,8","36,2","18,7","19,1","19,5","20,0","20,3","20,9","21,5","22,0",,,,,,,"3,7","3,8"
Oss,"35,4","35,8","36,1","36,4","36,6","37,2","38,3","38,8","19,6","20,0","20,3","20,6","20,9","21,5","22,1","22,6",,,,,,,"2,4","2,1"
Oude IJsselstreek,"31,8","32,0","32,2","32,5","32,9","33,5","34,6","34,7","17,8","18,0","18,4","18,7","18,9","19,4","20,1","20,5",,,,,,,"1,7","1,8"
Ouder-Amstel,"47,0","46,8","47,8","48,7","49,4","50,7","52,4","50,7","28,3","29,0","29,5","30,9","31,2","32,2","33,6","33,7",,,,,,,"1,2","1,5"
Oudewater,"39,4","39,9","40,6","41,0","41,1","42,3","46,2","44,5","20,7","21,1","21,4","21,9","22,2","22,6","24,1","24,1",,,,,,,"1,8","1,7"
Overbetuwe,"37,9","38,2","38,6","39,0","39,8","40,3","41,5","41,7","20,7","21,1","21,6","21,9","22,4","23,0","23,6","24,2",,,,,,,"1,5","1,2"
Papendrecht,"40,7","40,7","41,2","41,5","41,7","42,0","43,1","43,1","20,3","20,5","20,8","21,1","21,4","21,9","22,5","22,8",,,,,,,"2,0","1,5"
Peel en Maas,"33,4","33,9","34,2","34,6","35,1","36,1","37,3","37,5","17,6","18,1","18,4","18,8","20,7","19,9","20,5","21,2",,,,,,,"2,5","2,1"
Pekela,"28,2","28,2","28,7","28,9","29,4","29,6","30,2","30,7","16,3","16,6","16,8","17,2","17,4","17,8","18,5","18,7",,,,,,,"2,1","2,2"
Pijnacker-Nootdorp,"44,0","44,0","45,1","45,5","46,8","47,2","48,5","48,4","23,9","24,2","24,7","25,3","26,1","26,9","27,6","28,4",,,,,,,"1,4","1,2"
Purmerend,"35,9","35,9","36,1","36,5","36,7","37,3","38,0","38,1","21,5","21,8","22,2","22,5","22,8","23,2","23,9","24,3",,,,,,,"1,2","0,9"
Putten,"37,2","37,4","37,7","38,2","37,8","38,9","41,7","41,1","17,6","18,3","18,7","19,1","19,3","19,8","20,6","21,1",,,,,,,"2,4","1,8"
Raalte,"34,1","34,3","35,0","34,8","35,1","36,0","37,1","37,2","18,5","18,8","19,4","19,7","20,0","20,5","21,1","21,6",,,,,,,"1,9","2,2"
Reimerswaal,"35,0","35,6","36,2","36,3","37,9","37,9","38,8","38,7","16,1","16,3","16,6","17,1","17,5","17,9","18,2","18,5",,,,,,,"1,9","1,8"
Renkum,"42,1","42,6","43,0","44,0","43,7","44,8","46,2","45,4","23,4","23,8","24,1","24,7","25,4","26,1","27,0","27,6",,,,,,,"1,1","1,4"
Renswoude,"38,5","39,0","38,8","40,0","40,6","41,2","45,0",?,"19,0","19,3","19,9","20,1","20,7","21,2","22,1",?,,,,,,,"1,4","2,0"
Reusel-De Mierden,"34,9","34,7","35,3","35,9","35,5","37,7","39,7","39,7","18,6","19,1","19,3","19,7","20,2","21,0","21,9","22,7",,,,,,,"2,6","2,7"
Rheden,"35,8","36,3","36,1","36,7","36,7","37,3","38,9","38,7","20,6","20,8","21,3","21,7","22,1","22,8","23,4","23,8",,,,,,,"2,0","1,9"
Rhenen,"38,4","38,3","38,4","39,0","39,4","39,8","41,7","41,7","19,7","19,9","20,4","20,8","21,2","21,8","22,5","22,8",,,,,,,"3,5","2,1"
Ridderkerk,"37,5","37,7","37,9","38,2","38,3","38,6","40,4","39,9","19,5","19,7","20,0","20,4","20,7","21,3","21,8","22,3",,,,,,,"2,5","2,7"
Rijssen-Holten,"34,8","34,8","35,1","36,2","36,1","36,9","38,7","38,6","16,5","16,7","17,2","17,5","17,8","18,3","19,1","19,4",,,,,,,"3,1","2,1"
Rijswijk,"38,7","38,9","39,2","39,9","40,1","40,8","41,6","42,5","24,7","24,9","25,1","25,6","26,0","26,6","27,4","28,0",,,,,,,"1,5","1,4"
Roerdalen,"34,9","35,3","36,0","36,1","36,6","36,9","38,1","38,2","18,8","19,4","19,6","20,1","20,3","20,7","21,4","21,7",,,,,,,"2,1","1,8"
Roermond,"33,5","33,9","34,1","34,6","34,7","35,4","36,9","37,0","19,7","20,1","20,5","21,0","21,2","21,9","22,5","23,1",,,,,,,"1,8","1,3"
Roosendaal,"36,4","36,7","37,1","37,6","38,2","38,1","39,1","38,9","19,4","19,7","20,1","20,4","20,7","21,1","21,7","22,2",,,,,,,"2,1","1,7"
Rotterdam,"32,3","32,5","32,9","33,5","33,9","34,4","35,7","36,0","21,5","21,8","22,2","22,6","22,8","23,4","24,1","24,8",,,,,,,"1,0","1,0"
Rozendaal,"63,9","62,5","67,7","67,2","69,0","70,6","72,9",?,"28,8","28,8","28,9","29,4","29,3","30,9","31,3",?,,,,,,,"2,4","1,2"
Rucphen,"33,8","33,8","34,3","34,3","35,1","35,9","37,2","37,5","17,2","17,5","17,9","18,2","18,4","19,0","19,8","20,1",,,,,,,"2,4","1,6"
Schagen,"36,4","35,9","36,3","36,8","37,1","37,9","39,3","39,1","19,4","19,5","19,9","20,3","20,7","21,3","21,9","22,4",,,,,,,"1,9","2,3"
Scherpenzeel,"37,7","38,3","38,5","38,1","38,9","40,0","40,8","41,1","18,4","18,9","18,8","19,1","19,1","19,8","20,3","21,1",,,,,,,"1,3","1,1"
Schiedam,"34,3","34,4","34,8","34,9","35,1","35,4","36,4","36,5","21,0","21,1","21,4","21,6","21,7","22,2","22,8","23,3",,,,,,,"0,9","0,9"
Schiermonnikoog,"33,8","32,2","33,3","33,7","34,5","34,1","35,5",?,"18,9","20,4","18,9","19,8","22,6","22,7","23,0",?,,,,,,,"10,9","8,9"
Schouwen-Duiveland,"37,1","37,4","37,8","38,1","38,6","39,0","41,2","40,0","18,7","18,9","19,4","19,6","19,9","20,5","21,3","21,6",,,,,,,"2,8","2,9"
's-Hertogenbosch,"37,9","38,4","38,7","39,3","39,9","40,7","42,0","42,3","22,5","22,9","23,3","23,9","24,3","25,0","25,7","26,3",,,,,,,"1,6","1,5"
Simpelveld,"33,6","33,6","34,0","34,5","35,1","35,9","36,9","37,1","18,8","19,2","19,5","19,8","20,3","21,1","21,6","22,2",,,,,,,"1,7","1,7"
Sint Anthonis,"33,8","34,5","34,9","34,3","35,2","36,3","39,1","38,3","19,1","19,6","19,9","20,0","20,4","21,2","22,3","22,6",,,,,,,"4,4","3,3"
Sint-Michielsgestel,"40,1","40,4","40,8","40,9","42,2","42,7","44,3","44,5","20,3","20,9","21,4","21,9","22,3","23,1","24,1","24,8",,,,,,,"1,3","1,0"
Sittard-Geleen,"34,7","34,7","35,1","35,5","35,7","36,4","37,5","37,8","19,6","19,9","20,3","20,8","21,1","21,6","22,3","22,8",,,,,,,"1,3","1,4"
Sliedrecht,"36,8","37,6","38,1","38,3","38,6","39,4","40,0","40,0","18,3","18,5","18,8","19,0","19,3","19,8","20,0","20,7",,,,,,,"0,8","0,5"
Sluis,"33,7","34,4","35,2","35,3","35,8","36,4","37,5","37,3","19,0","19,2","19,7","20,2","20,3","20,8","21,4","22,0",,,,,,,"3,0","2,0"
Smallingerland,"32,3","32,5","32,7","33,6","33,6","34,2","35,0","35,2","18,3","18,7","19,0","19,5","19,7","20,3","20,6","21,3",,,,,,,"1,9","2,2"
Soest,"42,8","42,7","43,3","44,3","44,1","44,9","46,9","45,7","22,9","23,2","23,7","24,2","24,8","25,4","26,2","26,6",,,,,,,"1,4","1,1"
Someren,"33,0","32,8","33,2","33,9","34,6","36,0","37,8","37,6","17,6","18,1","18,3","18,7","19,1","20,2","21,2","21,3",,,,,,,"2,2","2,0"
Son en Breugel,"44,8","44,9","45,5","46,3","46,5","47,9","49,7","49,6","21,6","21,9","22,5","22,9","23,4","24,2","25,0","25,3",,,,,,,"1,4","1,1"
Stadskanaal,"29,2","29,3","29,3","29,7","30,0","30,7","31,2","31,7","16,9","17,1","17,4","17,8","18,0","18,5","19,0","19,5",,,,,,,"1,5","1,4"
Staphorst,"32,5","32,4","32,8","32,6","33,6","34,4","36,3","36,8","16,0","16,0","16,5","16,7","17,1","17,8","18,4","19,0",,,,,,,"2,0","1,4"
Stede Broec,"34,1","34,5","34,6","35,2","35,4","36,3","36,8","37,0","17,9","18,3","18,5","19,0","19,3","19,7","20,2","20,8",,,,,,,"1,4","1,5"
Steenbergen,"36,9","37,2","37,6","37,4","39,6","38,2","39,8","38,4","18,7","19,4","19,6","19,9","20,2","20,7","21,5","21,8",,,,,,,"2,6","2,1"
Steenwijkerland,"33,1","33,0","33,2","33,6","33,8","34,6","35,5","35,5","18,1","18,2","18,6","19,1","19,3","19,9","20,5","21,0",,,,,,,"2,6","2,4"
Stein,"35,6","35,9","36,1","36,6","37,2","37,7","38,3","38,9","18,7","18,9","19,4","19,8","20,2","20,9","21,5","22,0",,,,,,,"1,6","1,7"
Stichtse Vecht,"43,8","43,9","44,1","44,9","45,8","46,0","48,7","47,9","24,0","24,4","24,9","25,5","26,1","26,9","27,7","28,3",,,,,,,"1,3","1,1"
Súdwest-Fryslân,"32,7","32,9","33,0","33,6","33,4","34,4","35,4","35,7","18,4","18,6","19,0","19,5","19,7","20,2","20,9","21,3",,,,,,,"3,4","3,0"
Terneuzen,"36,2","36,4","37,4","38,1","38,1","38,5","39,6","40,0","18,6","18,8","19,4","19,7","20,0","20,5","21,1","21,8",,,,,,,"2,0","1,6"
Terschelling,"35,5","36,3","37,3","34,8","34,8","34,4","35,1",?,"19,6","19,4","19,8","20,3","20,5","21,6","22,1",?,,,,,,,"3,7","3,7"
Texel,"31,3","31,4","31,6","32,5","33,1","33,6","35,8","35,3","18,2","18,5","18,8","19,5","19,6","20,3","21,3","21,7",,,,,,,"4,9","4,2"
Teylingen,"44,6","44,9","45,5","46,5","47,2","47,0","49,6","48,7","22,3","22,8","23,2","23,9","24,5","25,2","26,1","26,6",,,,,,,"1,7","1,6"
Tholen,"35,0","34,9","35,6","36,2","38,3","36,8","38,4","38,3","17,2","17,3","17,8","18,0","18,2","18,6","19,3","19,7",,,,,,,"2,6","2,9"
Tiel,"35,5","35,6","35,6","35,9","36,0","36,7","37,3","37,5","19,7","20,0","20,3","20,8","21,0","21,4","22,0","22,5",,,,,,,"1,8","1,7"
Tilburg,"32,7","33,1","32,9","33,2","33,5","34,1","35,4","35,4","20,1","20,8","20,9","21,0","21,3","21,8","22,4","22,9",,,,,,,"1,5","1,2"
Tubbergen,"33,0","33,4","33,8","33,7","34,2","35,5","37,1","37,2","17,6","17,9","18,6","19,1","19,5","20,2","21,0","21,6",,,,,,,"1,8","1,9"
Twenterand,"32,0","32,0","32,1","32,5","33,2","34,3","34,9","35,4","16,3","16,5","16,9","17,2","17,5","18,0","18,6","19,0",,,,,,,"1,6","1,6"
Tynaarlo,"39,4","39,9","40,9","41,5","41,8","42,9","44,1","43,6","22,2","22,7","23,2","23,8","24,4","25,3","26,2","26,9",,,,,,,"3,7","3,0"
Tytsjerksteradiel,"33,3","33,5","33,5","34,0","34,5","35,2","35,8","36,3","18,5","18,6","19,1","19,5","19,8","20,4","20,8","21,1",,,,,,,"2,1","1,9"
Uden,"35,9","36,0","36,4","36,7","37,1","38,2","39,6","39,3","19,5","19,8","20,2","20,5","20,8","21,3","22,1","22,5",,,,,,,"2,5","1,5"
Uitgeest,"41,2","41,2","41,6","42,4","42,6","43,0","44,2","44,1","21,7","22,2","22,8","23,3","23,6","24,3","24,8","25,4",,,,,,,"0,9","0,8"
Uithoorn,"40,9","40,7","41,4","41,7","41,8","42,2","43,7","43,3","23,5","23,7","24,1","24,7","24,7","25,3","26,4","26,7",,,,,,,"1,3","1,5"
Urk,"34,1","34,3","34,3","35,9","37,8","39,7","41,2","38,7","13,0","13,4","13,9","14,0","14,5","15,0","15,5","15,9",,,,,,,"3,2","2,4"
Utrecht,"35,9","36,4","36,9","37,7","38,3","39,0","40,2","41,0","24,9","25,5","26,0","26,4","27,0","27,9","28,6","29,6",,,,,,,"0,7","0,6"
Utrechtse Heuvelrug,"45,8","45,3","45,7","46,8","47,1","47,5","49,9","48,9","23,8","24,2","24,5","25,3","26,0","26,8","27,8","28,7",,,,,,,"2,3","2,1"
Vaals,"31,0","31,1","32,5","32,5","33,2","33,7","34,6","34,4","18,6","18,9","19,5","19,6","20,1","21,1","21,7","22,2",,,,,,,"2,1","2,1"
Valkenburg aan de Geul,"35,3","35,6","35,8","36,7","37,0","37,6","39,2","38,9","20,0","20,2","20,6","21,4","21,7","22,3","22,9","23,7",,,,,,,"2,3","2,1"
Valkenswaard,"36,7","37,1","37,7","38,3","38,6","39,3","40,8","40,7","19,1","19,3","19,8","20,0","20,5","20,9","21,6","22,1",,,,,,,"1,8","1,6"
Veendam,"31,8","32,1","32,3","32,6","32,8","33,3","33,8","33,8","17,9","18,2","18,5","18,9","19,1","19,8","20,1","20,4",,,,,,,"2,3","1,9"
Veenendaal,"36,9","37,2","37,4","37,9","38,4","38,7","39,9","39,9","18,7","19,0","19,3","19,6","19,8","20,4","20,9","21,5",,,,,,,"3,0","2,5"
Veere,"36,3","36,7","37,3","37,6","38,0","38,6","40,9","40,4","18,0","18,2","18,6","19,1","19,5","20,1","20,8","21,9",,,,,,,"2,3","1,7"
Veldhoven,"40,5","41,6","41,7","42,3","43,4","43,8","46,1","46,2","20,4","20,8","21,2","21,6","22,1","22,5","23,3","24,2",,,,,,,"1,6","2,1"
Velsen,"38,4","38,5","38,8","39,3","39,7","40,0","41,6","41,2","20,9","21,2","21,5","22,0","22,5","23,0","23,7","24,2",,,,,,,"1,4","1,4"
Venlo,"32,7","32,7","32,9","33,5","34,0","34,4","35,5","35,3","18,4","18,6","19,0","19,4","19,7","20,2","20,8","21,3",,,,,,,"1,7","1,6"
Venray,"33,3","33,9","33,7","34,3","34,4","35,3","37,0","37,0","19,3","19,8","20,0","20,2","20,6","21,1","21,9","22,4",,,,,,,"2,1","2,3"
Vijfheerenlanden,"37,4","37,4","37,6","38,1","38,3","39,3","40,9","40,7","19,4","19,7","20,1","20,5","20,7","21,2","21,8","22,4",,,,,,,"1,5","1,3"
Vlaardingen,"35,3","35,5","35,8","36,2","36,4","36,9","38,0","38,5","20,2","20,5","20,8","21,3","21,5","22,0","22,5","23,1",,,,,,,"1,2","1,2"
Vlieland,"33,6","35,3","36,7","35,9","36,6","36,5","39,9",?,"19,2","20,4","20,7","21,1","21,6","22,7","24,0",?,,,,,,,"6,0","6,1"
Vlissingen,"33,7","34,1","34,7","35,0","35,6","35,9","36,4","36,5","18,3","18,5","18,8","19,2","19,4","19,9","20,5","21,0",,,,,,,"1,5","1,5"
Voerendaal,"37,4","37,4","37,9","38,6","39,7","39,8","41,3","42,5","20,4","20,7","21,2","21,5","22,4","23,1","23,6","24,1",,,,,,,"1,4","1,5"
Voorschoten,"51,1","50,5","50,3","51,6","51,7","52,9","54,3","52,4","25,3","25,8","26,1","26,7","27,2","28,0","29,1","29,8",,,,,,,"1,3","1,2"
Voorst,"35,9","36,2","36,5","37,0","37,5","38,4","40,3","40,1","19,4","19,7","20,3","20,4","21,0","21,7","22,7","23,3",,,,,,,"1,8","1,1"
Vught,"44,6","45,3","46,0","46,7","47,5","48,4","51,8","50,2","23,4","23,9","24,5","25,1","25,8","26,6","27,8","28,6",,,,,,,"2,2","2,3"
Waadhoeke,"31,7","31,4","31,6","32,1","32,2","32,9","33,6","34,1","18,3","18,2","18,5","19,0","19,3","19,8","20,3","20,8",,,,,,,"2,7","2,6"
Waalre,"49,1","49,7","50,3","51,0","51,4","53,3","56,3","54,4","22,6","23,0","23,9","24,2","24,5","25,3","26,7","27,1",,,,,,,"2,4","2,6"
Waalwijk,"35,7","35,8","36,6","36,8","37,1","37,6","39,7","38,7","19,0","19,3","19,6","20,2","20,4","20,9","21,7","22,0",,,,,,,"1,9","1,3"
Waddinxveen,"39,1","39,4","39,6","39,5","40,0","40,6","42,4","41,8","19,4","19,7","20,1","20,4","20,8","21,5","22,1","22,8",,,,,,,"1,8","1,7"
Wageningen,"33,5","33,7","33,8","33,8","33,9","34,9","35,7","36,1","20,9","21,1","21,4","21,5","21,6","22,4","22,6","23,4",,,,,,,"1,3","1,2"
Wassenaar,"77,8","77,4","77,3","82,5","84,7","86,0","91,5","82,4","28,5","29,6","30,1","31,3","32,7","32,4","35,2","35,6",,,,,,,"2,0","1,0"
Waterland,"41,9","42,1","42,8","43,5","44,2","44,9","47,4","46,2","23,6","24,2","24,7","25,3","25,5","26,4","27,3","27,6",,,,,,,"1,9","1,1"
Weert,"35,0","35,3","35,7","36,3","36,8","37,3","38,1","37,9","19,4","19,6","19,9","20,2","20,6","21,3","21,8","22,4",,,,,,,"1,3","1,4"
Weesp,"38,0","38,2","38,3","39,7","39,7","40,8","41,8","42,7","24,9","25,4","25,7","26,5","26,9","27,9","28,4","29,2",,,,,,,"0,9","0,9"
West Betuwe,"39,7","40,0","40,3","40,9","41,3","42,0","44,1","43,6","19,9","20,2","20,6","21,1","21,4","22,0","22,8","23,4",,,,,,,"2,1","1,6"
West Maas en Waal,"35,6","36,1","36,8","37,4","38,0","38,6","39,8","40,1","18,8","19,2","19,5","20,1","20,4","20,8","21,5","22,3",,,,,,,"1,8","1,5"
Westerkwartier,"33,1","33,1","33,6","34,2","34,8","35,3","36,9","36,9","19,0","19,3","19,8","20,4","20,7","21,2","21,9","22,5",,,,,,,"2,0","1,7"
Westerveld,"35,0","34,9","35,1","35,7","35,6","36,8","38,7","38,3","19,0","19,3","19,8","20,3","20,8","21,3","22,3","22,8",,,,,,,"2,7","2,3"
Westervoort,"33,6","33,6","34,0","34,7","34,9","35,7","36,3","36,7","19,4","19,5","19,9","20,4","20,9","21,3","21,9","22,6",,,,,,,"0,7","1,0"
Westerwolde,"30,0","30,1","30,6","30,7","30,3","30,9","32,5","32,7","17,7","17,9","18,2","18,7","18,9","19,6","20,1","20,7",,,,,,,"2,5","2,0"
Westland,"37,0","37,0","37,6","37,9","39,1","39,9","42,2","41,3","19,3","19,5","20,0","20,4","21,0","21,6","22,3","22,9",,,,,,,"2,6","2,0"
Weststellingwerf,"30,5","30,5","30,6","31,6","31,3","31,9","33,3","33,7","18,0","18,5","18,8","19,4","19,6","19,9","20,4","20,9",,,,,,,"2,3","2,6"
Westvoorne,"50,6","49,9","52,0","52,1","53,6","53,6","56,9","54,0","21,5","21,7","22,4","23,3","23,8","24,3","25,4","25,6",,,,,,,"3,4","3,5"
Wierden,"35,8","36,3","36,8","37,1","37,6","38,7","40,2","40,1","18,1","18,6","18,8","19,3","19,7","20,7","21,2","21,6",,,,,,,"2,5","2,3"
Wijchen,"36,6","36,8","37,1","37,8","38,1","38,9","40,4","40,7","20,0","20,5","20,7","21,2","21,4","22,0","22,6","23,1",,,,,,,"2,8","2,2"
Wijdemeren,"46,0","45,0","45,0","46,2","46,6","46,8","50,8","49,6","24,0","24,3","24,9","25,4","25,9","26,6","27,7","27,7",,,,,,,"2,4","2,1"
Wijk bij Duurstede,"40,2","39,8","40,4","41,0","41,2","41,8","44,1","43,7","21,8","22,2","22,8","23,2","23,7","24,2","24,7","25,2",,,,,,,"2,0","1,4"
Winterswijk,"31,7","31,8","32,3","32,4","32,3","32,9","35,8","35,6","17,9","18,2","18,4","18,9","19,0","19,7","20,1","20,8",,,,,,,"2,3","2,2"
Woensdrecht,"37,7","38,0","38,6","39,4","41,3","40,3","41,5","40,9","18,6","19,0","19,4","19,7","20,0","20,7","21,3","21,8",,,,,,,"1,7","2,9"
Woerden,"42,4","42,2","42,6","43,4","43,9","44,5","46,8","45,8","22,5","23,0","23,4","23,8","24,2","24,8","25,4","26,0",,,,,,,"1,2","0,9"
Wormerland,"38,5","38,8","38,9","39,5","39,8","40,2","42,1","41,4","20,7","21,0","21,4","21,7","21,9","22,6","23,7","24,0",,,,,,,"1,1","1,0"
Woudenberg,"39,2","40,1","40,1","40,4","40,8","41,3","43,7","42,9","20,1","20,5","20,8","21,2","21,3","21,8","22,7","22,9",,,,,,,"2,0","1,9"
Zaanstad,"35,1","35,2","35,3","35,6","36,1","36,8","37,6","37,7","21,1","21,4","21,8","22,1","22,4","22,9","23,5","24,1",,,,,,,"1,1","0,9"
Zaltbommel,"38,0","38,2","38,3","39,4","40,0","40,7","41,7","41,4","19,5","19,7","20,1","20,5","21,0","21,5","22,1","22,6",,,,,,,"2,4","1,9"
Zandvoort,"38,8","38,7","39,0","39,5","39,8","40,7","43,8","42,3","22,5","23,0","23,1","23,6","24,0","24,6","25,5","26,3",,,,,,,"2,6","1,6"
Zeewolde,"41,6","41,7","41,9","41,2","40,7","41,0","42,2","42,3","20,9","21,0","21,6","21,7","21,6","22,5","22,8","23,6",,,,,,,"2,4","2,6"
Zeist,"45,5","45,5","46,4","47,8","48,7","49,1","53,2","50,3","25,2","25,7","26,1","26,7","27,2","28,2","29,2","29,6",,,,,,,"1,9","1,5"
Zevenaar,"34,1","34,1","34,7","34,7","34,8","35,3","36,6","36,6","18,8","19,1","19,4","19,9","19,9","20,6","21,2","21,6",,,,,,,"2,0","2,0"
Zoetermeer,"39,0","39,2","39,3","39,7","40,1","40,8","41,4","41,5","23,0","23,2","23,5","24,0","24,2","24,8","25,3","25,9",,,,,,,"0,7","0,6"
Zoeterwoude,"39,9","40,3","41,1","41,8","41,7","42,0","44,1","43,5","21,2","21,6","22,3","23,0","23,5","24,4","25,0","26,0",,,,,,,"0,4","1,0"
Zuidplas,"42,1","42,8","43,0","43,5","44,2","45,0","46,8","45,8","21,1","21,6","22,0","22,3","22,7","23,4","24,1","24,5",,,,,,,"1,8","1,8"
Zundert,"34,1","34,2","35,0","35,2","35,5","36,3","38,5","38,2","18,3","18,6","19,1","19,5","19,9","20,7","21,9","22,3",,,,,,,"1,7","1,4"
Zutphen,"34,3","34,7","34,7","35,0","35,1","35,5","36,0","36,0","20,6","20,9","21,2","21,6","21,8","22,2","22,5","23,1",,,,,,,"1,4","1,2"
Zwartewaterland,"35,5","35,4","35,6","35,6","36,8","37,4","39,5","38,8","16,5","16,6","16,9","17,3","17,6","18,0","18,8","19,3",,,,,,,"1,8","1,2"
Zwijndrecht,"37,6","37,7","38,1","38,3","38,5","38,9","41,0","40,5","20,0","20,2","20,5","20,8","21,1","21,6","22,2","22,5",,,,,,,"2,7","2,7"
Zwolle,"35,5","35,8","36,0","36,8","37,1","37,8","38,7","38,9","21,6","21,9","22,4","22,8","23,2","23,9","24,4","25,1",,,,,,,"1,4","1,3"
